a7634ff4-97b1-4baf-b463-b5a1d69f199f,2ラインメッシュ,1,623796be-e2a9-4407-9122-916729dad7f8,89405731-4765-4d9c-afac-1e53493c6914,HEAD
9a35fa8f-e28d-461c-a7ba-5326f7681d18,イカバケット,1,623796be-e2a9-4407-9122-916729dad7f8,24ac6fef-62c1-4e98-a922-7db12ec5ad51,HEAD
62218546-d28d-4aa1-9bda-9d2c1dc78cc5,イカバッテンガード,1,585bf94b-4285-4707-8ca7-ab910603ba96,24ac6fef-62c1-4e98-a922-7db12ec5ad51,HEAD
3b08690b-38e2-46cf-8857-1d1ca572ee40,イカベーダーキャップ,1,dfeefc7d-e2e4-491b-9b2b-989b7f3252d8,cee8ff9c-d4b3-4874-b2eb-7bb616fe21bc,HEAD
c02ec2bc-960e-4576-8fdf-c298b9eef1a5,イカンカン,1,2597a598-6919-43c3-a0ab-0fbef24d1c08,cee8ff9c-d4b3-4874-b2eb-7bb616fe21bc,HEAD
afa3b858-f5f4-42b8-b443-8f52d01919c2,イロメガネ,1,677afa89-ae94-4a54-b39c-6a5421ec196b,2211cb2a-88f1-43a8-a0e3-f49b3c7b83a4,HEAD
99c8862d-4dd6-469c-90e9-a8b272d0d070,ウーニーズBBキャップ,1,5b147795-8073-45cd-bee2-b45ec8bd1f54,cee8ff9c-d4b3-4874-b2eb-7bb616fe21bc,HEAD
84594334-4c9f-4cf6-94f8-6d29c589ce3d,ウインターボンボン,1,64061381-b877-46bb-9e36-55781412a0d0,cee8ff9c-d4b3-4874-b2eb-7bb616fe21bc,HEAD
ba66df14-bf69-4cf9-9a07-baff86adb63b,エイズリーバンダナ,1,5bf92a05-73be-46da-a7a1-39c9d59dbc59,89405731-4765-4d9c-afac-1e53493c6914,HEAD
21953d7d-7583-40c8-b0d4-6a1872915fea,エゾッコメッシュ,1,2597a598-6919-43c3-a0ab-0fbef24d1c08,2211cb2a-88f1-43a8-a0e3-f49b3c7b83a4,HEAD
87d53b91-3a52-4620-aa0c-cc5617008f42,カモメッシュ,1,ba62a713-f5a9-4896-b483-9d726b42e6df,9e752385-24cf-4de5-a0bf-c27d12a8524c,HEAD
2adf2aa9-c166-40b2-863f-d203424bb08c,キャディ サンバイザー,1,bc215409-96c8-4297-ae41-99296cdf3480,8e45fcf6-2bbd-47db-92af-a1bd7384dd5c,HEAD
9ddf97ca-a409-4d62-b5d7-8679cdb14818,キャンプキャップ,1,ba62a713-f5a9-4896-b483-9d726b42e6df,82dc4e66-b8a2-496f-adf0-c4067fa91213,HEAD
fef967b9-5fa8-44dc-8471-ee30a77ddf53,キャンプハット,1,812df8f7-aed7-4ee7-a754-b258ec55100f,82dc4e66-b8a2-496f-adf0-c4067fa91213,HEAD
a6c00041-9923-4225-bf25-046faa9207b5,キングオブマスク,1,5bf92a05-73be-46da-a7a1-39c9d59dbc59,9b0e7442-49c8-47c0-b621-a10863b53e80,HEAD
4d36f3f7-1a4d-4197-abd6-a186827bb910,キングタコスターマスク,1,64061381-b877-46bb-9e36-55781412a0d0,9b0e7442-49c8-47c0-b621-a10863b53e80,HEAD
9c42cd2e-5c62-467e-9628-00a44f159331,クロブチ レトロ,1,5a0d1724-7815-4e34-a5eb-d0f14c0a66b0,6de766f4-0b01-45a0-b07e-df39b9390c38,HEAD
b8d95b4b-9c21-413d-9d25-58c95b4e364d,クロヤキフグバンダナ,1,04e968ff-515f-4587-9183-215be5248bdc,9e752385-24cf-4de5-a0bf-c27d12a8524c,HEAD
de8f2a80-a8f0-4fe9-b529-b5d2b7b71173,ジェットキャップ,1,623796be-e2a9-4407-9122-916729dad7f8,9e752385-24cf-4de5-a0bf-c27d12a8524c,HEAD
ca6fefa0-a2f9-4a36-85d9-d285aefd6457,ショートビーニー,1,585bf94b-4285-4707-8ca7-ab910603ba96,82dc4e66-b8a2-496f-adf0-c4067fa91213,HEAD
21afb87d-7f17-41d9-addc-6ec68b55a5ba,スイミングモーグル,1,677afa89-ae94-4a54-b39c-6a5421ec196b,8e45fcf6-2bbd-47db-92af-a1bd7384dd5c,HEAD
b980ddfd-bf47-4ffe-80f1-70e075177ef9,スカッシュバンド,1,623796be-e2a9-4407-9122-916729dad7f8,8e45fcf6-2bbd-47db-92af-a1bd7384dd5c,HEAD
2d2a36c6-4b51-42f1-958d-70cae615685d,テッカサイクルキャップ,1,5b147795-8073-45cd-bee2-b45ec8bd1f54,8e45fcf6-2bbd-47db-92af-a1bd7384dd5c,HEAD
ad08bea1-9732-4ff7-a6d5-8206a61a8783,テニスバンド,1,ebcee9e1-cf55-413e-807e-868d492456bc,a7acd3b5-1d2f-44dd-b822-e7a265b3a604,HEAD
3562ccfa-4907-400b-9fc8-c350d93c496f,バスケバンド,1,f65736a2-92f3-4e75-a5b4-1aabf8aa4e94,8e45fcf6-2bbd-47db-92af-a1bd7384dd5c,HEAD
0327074a-cdbf-47da-8f0e-fb3bdaaaa980,バックワードキャップ,1,5a0d1724-7815-4e34-a5eb-d0f14c0a66b0,2211cb2a-88f1-43a8-a0e3-f49b3c7b83a4,HEAD
d7a3940d-b91a-4b16-95bc-a2d107913978,パラソルチューリップ,1,cf987bc3-37fd-4e02-ad1e-63104289e957,82dc4e66-b8a2-496f-adf0-c4067fa91213,HEAD
7a763cdd-634b-4c60-bd09-f585e0895b02,ビバレッジキャップ,1,5bf92a05-73be-46da-a7a1-39c9d59dbc59,cee8ff9c-d4b3-4874-b2eb-7bb616fe21bc,HEAD
03bb0570-9b70-4cbb-adf0-8287bbaa398f,フォーリマスク,1,25e7e6fc-16ad-46a1-90de-2cfd9784b0af,79fdc641-d9d7-4588-87a8-7844b86b5e0b,HEAD
4e7ca6b4-c0c6-47f9-842c-89583b6d1cbe,フグベルハット,1,68b69722-3685-4a7b-a9a8-61261708c6fb,9e752385-24cf-4de5-a0bf-c27d12a8524c,HEAD
d61dc938-852c-4d16-968c-166ed05e7470,ヘッドバンド ホワイト,1,68b69722-3685-4a7b-a9a8-61261708c6fb,24ac6fef-62c1-4e98-a922-7db12ec5ad51,HEAD
95dc2462-e966-420e-aed5-3cc6f44560a4,ボーダービーニー,1,f65736a2-92f3-4e75-a5b4-1aabf8aa4e94,6de766f4-0b01-45a0-b07e-df39b9390c38,HEAD
3dd4b325-b2e9-42a9-9650-20cdeec34f42,マスクドホッコリー,1,bc215409-96c8-4297-ae41-99296cdf3480,9e752385-24cf-4de5-a0bf-c27d12a8524c,HEAD
67194057-3afd-417c-8c97-322412c8cadd,マルベッコー,1,2597a598-6919-43c3-a0ab-0fbef24d1c08,89405731-4765-4d9c-afac-1e53493c6914,HEAD
a2d6571c-76c7-4c44-9851-b05cdd835b56,モーグル タタキベッチュー,1,ebcee9e1-cf55-413e-807e-868d492456bc,816265b4-0957-46d3-9e81-4e278517cd6d,HEAD
0737653a-701c-43c8-bf05-7ce512dd56a1,ヤキフグ サンバイザー,1,dfeefc7d-e2e4-491b-9b2b-989b7f3252d8,9e752385-24cf-4de5-a0bf-c27d12a8524c,HEAD
501b7ae9-e518-4f86-9219-2fb1647e988a,ヤキフグビスケットバンダナ,1,812df8f7-aed7-4ee7-a754-b258ec55100f,9e752385-24cf-4de5-a0bf-c27d12a8524c,HEAD
af15eba3-1db3-4137-a6f5-d669a7ce2bad,ヤコメッシュ,1,04e968ff-515f-4587-9183-215be5248bdc,dcd76d6b-dc02-46f9-8444-e73cf9821268,HEAD
c18518cd-38e3-42a6-8286-5154466d8bd5,ヤマギリビーニー,1,25e7e6fc-16ad-46a1-90de-2cfd9784b0af,82dc4e66-b8a2-496f-adf0-c4067fa91213,HEAD
46985416-f2ba-4c44-911a-dd635e6692ed,ランニングバンド,1,5bf92a05-73be-46da-a7a1-39c9d59dbc59,2211cb2a-88f1-43a8-a0e3-f49b3c7b83a4,HEAD
9db62702-d57d-4f0e-a43a-e7267bddbd4b,リブニット,1,cf987bc3-37fd-4e02-ad1e-63104289e957,9e752385-24cf-4de5-a0bf-c27d12a8524c,HEAD
38fe533c-e030-4aca-a202-9dde81657399,5パネルキャップ,2,ebcee9e1-cf55-413e-807e-868d492456bc,2211cb2a-88f1-43a8-a0e3-f49b3c7b83a4,HEAD
0fda1d6f-9e47-4bfb-b0eb-4346be51aa4d,アーマーメット レプリカ,2,64061381-b877-46bb-9e36-55781412a0d0,eb8f9048-a957-4061-a446-2a161a626711,HEAD
4233dd1f-cd26-48ef-9fa5-636a0f7da25c,アナアキマスク,2,f65736a2-92f3-4e75-a5b4-1aabf8aa4e94,d3beca43-e962-410b-8775-8446c39a046a,HEAD
33ce500b-109f-44d1-a1df-bc40bca7dd41,アローバンド ブラック,2,64061381-b877-46bb-9e36-55781412a0d0,2211cb2a-88f1-43a8-a0e3-f49b3c7b83a4,HEAD
d658f379-014f-4186-8b0f-0dcebf04d448,イイダチヘッドホン,2,623796be-e2a9-4407-9122-916729dad7f8,43a1e335-8966-4637-9533-f7a7fb372dc7,HEAD
fceb23d8-5c3f-459d-8a7b-7c7f554852aa,イカカゲマスク,2,5a0d1724-7815-4e34-a5eb-d0f14c0a66b0,43a1e335-8966-4637-9533-f7a7fb372dc7,HEAD
848a0d3c-f0f8-40dc-9b8a-65ff0af28725,イカクリップ,2,f65736a2-92f3-4e75-a5b4-1aabf8aa4e94,43a1e335-8966-4637-9533-f7a7fb372dc7,HEAD
54d39d90-c2b9-4aff-b6f3-d929dc303572,イカパッチン,2,ba62a713-f5a9-4896-b483-9d726b42e6df,43a1e335-8966-4637-9533-f7a7fb372dc7,HEAD
f4309441-a0b8-4daf-84a7-a27fa278021a,イカンカン クラシック,2,812df8f7-aed7-4ee7-a754-b258ec55100f,cee8ff9c-d4b3-4874-b2eb-7bb616fe21bc,HEAD
2b349055-9abe-466f-95c3-8fd06f080b33,ウールウーニーズクラシック,2,ebcee9e1-cf55-413e-807e-868d492456bc,89405731-4765-4d9c-afac-1e53493c6914,HEAD
f1bbcb45-4019-4f62-8279-12de48e497f2,エゾッコフリッパー,2,f65736a2-92f3-4e75-a5b4-1aabf8aa4e94,2211cb2a-88f1-43a8-a0e3-f49b3c7b83a4,HEAD
fa414c97-a9f0-490d-a347-0c194dfa8fde,エンチャントハット,2,585bf94b-4285-4707-8ca7-ab910603ba96,43a1e335-8966-4637-9533-f7a7fb372dc7,HEAD
10f8fccd-9dfb-4933-8fe2-875d54be14d0,エンペラフックHDP,2,cf987bc3-37fd-4e02-ad1e-63104289e957,79fdc641-d9d7-4588-87a8-7844b86b5e0b,HEAD
3f744b38-8283-49f1-af8c-f1b4ac4b439d,オーロラヘッドホン,2,5bf92a05-73be-46da-a7a1-39c9d59dbc59,79fdc641-d9d7-4588-87a8-7844b86b5e0b,HEAD
420a6b46-7053-43c1-846f-980653f0b110,オシノビニット,2,ba62a713-f5a9-4896-b483-9d726b42e6df,cee8ff9c-d4b3-4874-b2eb-7bb616fe21bc,HEAD
f1e017ad-534e-480e-b7f2-176c55a5cd9b,カイガラスゲ,2,5a0d1724-7815-4e34-a5eb-d0f14c0a66b0,82dc4e66-b8a2-496f-adf0-c4067fa91213,HEAD
7f1213f2-c0bf-4c0d-9076-b91a779d6cff,キングフリップメッシュ,2,bc215409-96c8-4297-ae41-99296cdf3480,9b0e7442-49c8-47c0-b621-a10863b53e80,HEAD
3665fb95-7261-4416-af84-c2fce89f5249,グランパなアタマ,2,ebcee9e1-cf55-413e-807e-868d492456bc,eb8f9048-a957-4061-a446-2a161a626711,HEAD
bba17238-0dc2-40f7-8b4c-7881fac64ec8,サイクルメット,2,68b69722-3685-4a7b-a9a8-61261708c6fb,cee8ff9c-d4b3-4874-b2eb-7bb616fe21bc,HEAD
ce8836fb-881c-4966-9bbb-2a7518ca9314,サッカーバンド,2,64061381-b877-46bb-9e36-55781412a0d0,a7acd3b5-1d2f-44dd-b822-e7a265b3a604,HEAD
247d4649-5f07-48f5-bc5c-655f2bcdd1ba,サムライヘルメット,2,2597a598-6919-43c3-a0ab-0fbef24d1c08,43a1e335-8966-4637-9533-f7a7fb372dc7,HEAD
953e6748-b8b2-4a72-aeda-23eb5d41a9c2,サンサンサンバイザー,2,5b147795-8073-45cd-bee2-b45ec8bd1f54,a7acd3b5-1d2f-44dd-b822-e7a265b3a604,HEAD
a55a19b9-8a4b-4ffc-a12f-48b8bf6f0441,スゲ,2,585bf94b-4285-4707-8ca7-ab910603ba96,82dc4e66-b8a2-496f-adf0-c4067fa91213,HEAD
b0bd3bc4-9b95-4e1d-b74a-2bfb8e33e274,スケボーメット,2,623796be-e2a9-4407-9122-916729dad7f8,cee8ff9c-d4b3-4874-b2eb-7bb616fe21bc,HEAD
e522ea27-16e0-439e-be3f-ca1a53a691cc,スタジオヘッドホン,2,585bf94b-4285-4707-8ca7-ab910603ba96,79fdc641-d9d7-4588-87a8-7844b86b5e0b,HEAD
769bd8ac-5152-4a56-82fc-3e4985e18528,スプラッシュゴーグル,2,04e968ff-515f-4587-9183-215be5248bdc,79fdc641-d9d7-4588-87a8-7844b86b5e0b,HEAD
d1892cff-3322-48e1-9821-87b2f1e27fc2,セルブロウ,2,812df8f7-aed7-4ee7-a754-b258ec55100f,6de766f4-0b01-45a0-b07e-df39b9390c38,HEAD
f4c4fbf2-57ce-4c5d-9649-dae98e9e83aa,ダイバーゴーグル,2,5bf92a05-73be-46da-a7a1-39c9d59dbc59,79fdc641-d9d7-4588-87a8-7844b86b5e0b,HEAD
cf549ded-44c8-4d4a-a04c-2558ad4a373b,タコゾネスサングラス,2,677afa89-ae94-4a54-b39c-6a5421ec196b,eb8f9048-a957-4061-a446-2a161a626711,HEAD
866cfc00-3967-40cc-95d3-55effa89550d,タコティカルなヘルム,2,dfeefc7d-e2e4-491b-9b2b-989b7f3252d8,43a1e335-8966-4637-9533-f7a7fb372dc7,HEAD
5697e3c4-9abf-453c-84de-99bf6f8ce03a,ダテコンタクト,2,dfeefc7d-e2e4-491b-9b2b-989b7f3252d8,a7acd3b5-1d2f-44dd-b822-e7a265b3a604,HEAD
61cfecf1-93e2-423d-89b7-67ce267a8337,ダブルエッグサングラス,2,bc215409-96c8-4297-ae41-99296cdf3480,2211cb2a-88f1-43a8-a0e3-f49b3c7b83a4,HEAD
0ae48f25-5f06-4b05-9df8-1efd09524a89,チャリキング帽,2,04e968ff-515f-4587-9183-215be5248bdc,a7acd3b5-1d2f-44dd-b822-e7a265b3a604,HEAD
dc5d1f6f-49ee-4715-9a94-ca6e588c735f,トレジャーメット,2,68b69722-3685-4a7b-a9a8-61261708c6fb,79fdc641-d9d7-4588-87a8-7844b86b5e0b,HEAD
ae251a53-9bab-4252-ad8d-134a07d91800,ネルメット レプリカ,2,812df8f7-aed7-4ee7-a754-b258ec55100f,eb8f9048-a957-4061-a446-2a161a626711,HEAD
9f0b5d48-54de-47af-a307-06b14b7a430e,パイロットゴーグル,2,5b147795-8073-45cd-bee2-b45ec8bd1f54,79fdc641-d9d7-4588-87a8-7844b86b5e0b,HEAD
015aac6b-7bc5-42ab-95fc-00718e337ad6,ハウスタグデニムCAP,2,dfeefc7d-e2e4-491b-9b2b-989b7f3252d8,6de766f4-0b01-45a0-b07e-df39b9390c38,HEAD
20ceac8b-a520-42f3-99ba-609d2a0970ac,パッチハット,2,25e7e6fc-16ad-46a1-90de-2cfd9784b0af,cee8ff9c-d4b3-4874-b2eb-7bb616fe21bc,HEAD
8d1e1367-27e3-44ed-9011-4dcac98c0a7c,パワードマスク,2,04e968ff-515f-4587-9183-215be5248bdc,43a1e335-8966-4637-9533-f7a7fb372dc7,HEAD
e2024dd1-9d93-4b74-80b0-b3f81e5e421d,パワードマスク オリジン,2,cf987bc3-37fd-4e02-ad1e-63104289e957,43a1e335-8966-4637-9533-f7a7fb372dc7,HEAD
f291f607-e211-45de-82d5-307f3ee4993e,ヒーローヘッズ レプリカ,2,bc215409-96c8-4297-ae41-99296cdf3480,eb8f9048-a957-4061-a446-2a161a626711,HEAD
8f025c5f-769f-49fb-9e13-5001319855ac,ヒーローレシーバー レプリカ,2,623796be-e2a9-4407-9122-916729dad7f8,eb8f9048-a957-4061-a446-2a161a626711,HEAD
8a1aa91b-f871-4a19-b475-6a734ea45173,ヒメイトクラウン,2,04e968ff-515f-4587-9183-215be5248bdc,43a1e335-8966-4637-9533-f7a7fb372dc7,HEAD
f3905ca4-f5e2-4024-a937-5d886986fbbf,ひれおくん,2,ebcee9e1-cf55-413e-807e-868d492456bc,43a1e335-8966-4637-9533-f7a7fb372dc7,HEAD
722f7eaf-90bc-4f55-b4e2-abed0f134b6c,フォーリマスク デジカモ,2,ba62a713-f5a9-4896-b483-9d726b42e6df,79fdc641-d9d7-4588-87a8-7844b86b5e0b,HEAD
926b36aa-e676-4206-a7e4-86cc4dc4384b,フグハンチング,2,2597a598-6919-43c3-a0ab-0fbef24d1c08,9e752385-24cf-4de5-a0bf-c27d12a8524c,HEAD
fa7f7435-a9f0-470c-ac33-99bd61bb20b4,フグベルベルハット,2,5a0d1724-7815-4e34-a5eb-d0f14c0a66b0,9e752385-24cf-4de5-a0bf-c27d12a8524c,HEAD
95c13975-25d6-4d47-815a-4d5a326b966e,ペインターマスク,2,25e7e6fc-16ad-46a1-90de-2cfd9784b0af,24ac6fef-62c1-4e98-a922-7db12ec5ad51,HEAD
0e85776a-e522-4015-8f31-4031ea0de802,ホタプラントハット,2,cf987bc3-37fd-4e02-ad1e-63104289e957,cee8ff9c-d4b3-4874-b2eb-7bb616fe21bc,HEAD
1fc701cc-b27e-4fd6-8e76-c89e7f7db4c0,ボンボンニット,2,2597a598-6919-43c3-a0ab-0fbef24d1c08,6de766f4-0b01-45a0-b07e-df39b9390c38,HEAD
60b8aba8-7025-438f-b10a-a67537422f1a,メトロぼう,2,5b147795-8073-45cd-bee2-b45ec8bd1f54,eb8f9048-a957-4061-a446-2a161a626711,HEAD
4518c29d-7423-4b2f-a8c5-44df12a37d34,ロブスターブーニー,2,677afa89-ae94-4a54-b39c-6a5421ec196b,79fdc641-d9d7-4588-87a8-7844b86b5e0b,HEAD
454ea129-731b-4cca-8e77-f03d2f144caa,アイアンマスカレイド,3,c3aa5536-21c7-45b0-93ab-77eba54ef5a1,f060eb2c-485c-46a5-82e2-689b995d660e,HEAD
473205c1-a89e-4ab6-acea-8c550fe9d949,アセストップソシナ,3,c3aa5536-21c7-45b0-93ab-77eba54ef5a1,f060eb2c-485c-46a5-82e2-689b995d660e,HEAD
b9a9e9e6-b160-4f9c-854a-6adc500e1393,アナアキアンピンベレー,3,cf987bc3-37fd-4e02-ad1e-63104289e957,d3beca43-e962-410b-8775-8446c39a046a,HEAD
fd00e345-e1d4-494b-842c-db487510102b,アナアキバスクベレー,3,585bf94b-4285-4707-8ca7-ab910603ba96,d3beca43-e962-410b-8775-8446c39a046a,HEAD
38745164-f215-4c07-bf5e-db6ca599a1da,アローバンド ホワイト,3,812df8f7-aed7-4ee7-a754-b258ec55100f,2211cb2a-88f1-43a8-a0e3-f49b3c7b83a4,HEAD
9df8acd0-01ef-40e3-9c7d-f13225ddb984,アンコウラバーマスク,3,585bf94b-4285-4707-8ca7-ab910603ba96,24ac6fef-62c1-4e98-a922-7db12ec5ad51,HEAD
75ee2fae-0cfc-4264-a071-d8340d2f520f,イカスカルマスク,3,623796be-e2a9-4407-9122-916729dad7f8,79fdc641-d9d7-4588-87a8-7844b86b5e0b,HEAD
251e9f0c-7d3a-412b-8b3e-c9e0b4fd3c8d,イカノルディック,3,ebcee9e1-cf55-413e-807e-868d492456bc,cee8ff9c-d4b3-4874-b2eb-7bb616fe21bc,HEAD
56f49c04-f94a-4926-8a63-85b98eae7eeb,イカロスHKメット,3,25e7e6fc-16ad-46a1-90de-2cfd9784b0af,79fdc641-d9d7-4588-87a8-7844b86b5e0b,HEAD
12976727-eb5e-4809-9469-5e8d3e0c8d52,イヤーマフ,3,5a0d1724-7815-4e34-a5eb-d0f14c0a66b0,79fdc641-d9d7-4588-87a8-7844b86b5e0b,HEAD
9f4e0691-2e95-4883-b9ee-67caab174fab,ウミウシカチューシャ,3,5bf92a05-73be-46da-a7a1-39c9d59dbc59,24ac6fef-62c1-4e98-a922-7db12ec5ad51,HEAD
0c9f0f84-02a7-4691-909e-669101e88d0b,オーシャンズヘルム,3,c3aa5536-21c7-45b0-93ab-77eba54ef5a1,f060eb2c-485c-46a5-82e2-689b995d660e,HEAD
f6491850-cbf5-4b75-a80e-89b3b69a21a6,オクタグラス,3,677afa89-ae94-4a54-b39c-6a5421ec196b,9e752385-24cf-4de5-a0bf-c27d12a8524c,HEAD
0c993e9e-2b71-4d97-9703-65ae9fb5a9fb,オクトメットプライズデコ,3,04e968ff-515f-4587-9183-215be5248bdc,79fdc641-d9d7-4588-87a8-7844b86b5e0b,HEAD
f6381529-e65b-4537-ae3c-13421cd41b6a,ガーディアンアーミーハット,3,c3aa5536-21c7-45b0-93ab-77eba54ef5a1,f060eb2c-485c-46a5-82e2-689b995d660e,HEAD
69ee1ad9-4a62-411f-85e5-150960b96337,カイザーカフ,3,585bf94b-4285-4707-8ca7-ab910603ba96,9b0e7442-49c8-47c0-b621-a10863b53e80,HEAD
751e061a-56be-4ee8-86d7-101c7db93ce9,キョンキョンぼう,3,bc215409-96c8-4297-ae41-99296cdf3480,24ac6fef-62c1-4e98-a922-7db12ec5ad51,HEAD
ce3c1133-1fc5-432b-9412-fe60dd5d2351,クラゲーダーキャップ,3,5bf92a05-73be-46da-a7a1-39c9d59dbc59,cee8ff9c-d4b3-4874-b2eb-7bb616fe21bc,HEAD
355921ef-368c-4f63-bb30-4a512d087dfb,こうしえんバンダナ,3,ba62a713-f5a9-4896-b483-9d726b42e6df,24ac6fef-62c1-4e98-a922-7db12ec5ad51,HEAD
02b9caef-013a-4b19-84f3-7ec76d0ef50c,サファリハット,3,585bf94b-4285-4707-8ca7-ab910603ba96,9e752385-24cf-4de5-a0bf-c27d12a8524c,HEAD
87b99596-dc5d-47c9-a74f-ec5495729397,スタジオオクトホン,3,68b69722-3685-4a7b-a9a8-61261708c6fb,eb8f9048-a957-4061-a446-2a161a626711,HEAD
938c7f62-07f8-4891-8c77-92330f840ac2,ステカセヘッドホン,3,68b69722-3685-4a7b-a9a8-61261708c6fb,79fdc641-d9d7-4588-87a8-7844b86b5e0b,HEAD
07cada91-00de-400e-ab11-ddb8e494a6ac,スミガードゴーグル,3,bc215409-96c8-4297-ae41-99296cdf3480,816265b4-0957-46d3-9e81-4e278517cd6d,HEAD
54c1a588-74c3-4c1a-8555-f761d0cd21ab,センニュークロブチ,3,ba62a713-f5a9-4896-b483-9d726b42e6df,6de766f4-0b01-45a0-b07e-df39b9390c38,HEAD
42d4390b-eeb1-4685-8b5c-6f34daf4d3ba,センニューゴーグル,3,cf987bc3-37fd-4e02-ad1e-63104289e957,79fdc641-d9d7-4588-87a8-7844b86b5e0b,HEAD
dbcee05a-bd49-480e-b522-639e5efe55b9,センニューヘッドホン,3,585bf94b-4285-4707-8ca7-ab910603ba96,79fdc641-d9d7-4588-87a8-7844b86b5e0b,HEAD
208c6956-bd79-48ef-8719-0fb87f3a41f7,センニューボンボン,3,5bf92a05-73be-46da-a7a1-39c9d59dbc59,6de766f4-0b01-45a0-b07e-df39b9390c38,HEAD
9a13cf45-0f1e-4dca-87d6-69e07682169a,ゾネスティックスコープ,3,c3aa5536-21c7-45b0-93ab-77eba54ef5a1,f060eb2c-485c-46a5-82e2-689b995d660e,HEAD
3e84a8c8-0b9c-4b06-ac8d-2e6b45696951,タコマスク,3,64061381-b877-46bb-9e36-55781412a0d0,79fdc641-d9d7-4588-87a8-7844b86b5e0b,HEAD
31989719-c289-431a-8bcc-f506ab92d090,ダストブロッカー 2.5,3,c3aa5536-21c7-45b0-93ab-77eba54ef5a1,f060eb2c-485c-46a5-82e2-689b995d660e,HEAD
f68782f8-f148-4b74-aed5-359b0f3aa699,タレサン18K,3,677afa89-ae94-4a54-b39c-6a5421ec196b,b02b0560-edbb-4c28-a383-c00081810438,HEAD
11e9b715-57ba-4e39-89d8-c278c1178b46,チドリキャップ,3,f65736a2-92f3-4e75-a5b4-1aabf8aa4e94,cee8ff9c-d4b3-4874-b2eb-7bb616fe21bc,HEAD
7fb7ee04-5394-44c4-b706-1e09e2fb2feb,ツヤケシMTBメット,3,5b147795-8073-45cd-bee2-b45ec8bd1f54,2211cb2a-88f1-43a8-a0e3-f49b3c7b83a4,HEAD
341e880b-9e60-4b4a-8693-e130d67842dc,デカメットアイシールド,3,5b147795-8073-45cd-bee2-b45ec8bd1f54,79fdc641-d9d7-4588-87a8-7844b86b5e0b,HEAD
9483a5eb-3e12-400d-915e-678e5b67a4b4,ドゥーラグキャップガサネ,3,25e7e6fc-16ad-46a1-90de-2cfd9784b0af,cee8ff9c-d4b3-4874-b2eb-7bb616fe21bc,HEAD
8dae218c-df3a-4d7b-bab8-d3380263806a,ナイトビジョン,3,ba62a713-f5a9-4896-b483-9d726b42e6df,79fdc641-d9d7-4588-87a8-7844b86b5e0b,HEAD
93204305-19de-4922-acd0-adb4f8e5f1ff,ニューイヤーグラスDX,3,dfeefc7d-e2e4-491b-9b2b-989b7f3252d8,24ac6fef-62c1-4e98-a922-7db12ec5ad51,HEAD
6fa071cf-aa99-4970-9d2d-06a6fce012fb,ねじりゴージャス,3,812df8f7-aed7-4ee7-a754-b258ec55100f,24ac6fef-62c1-4e98-a922-7db12ec5ad51,HEAD
eb3d6a6f-6837-462e-bcac-c488a8aa94fc,ノーズガードモトクロス,3,dfeefc7d-e2e4-491b-9b2b-989b7f3252d8,79fdc641-d9d7-4588-87a8-7844b86b5e0b,HEAD
b009286f-b507-498d-bb14-0358c3f3e491,ノベルティバイザーナズナ,3,623796be-e2a9-4407-9122-916729dad7f8,a7acd3b5-1d2f-44dd-b822-e7a265b3a604,HEAD
aec73d4d-56ce-46c2-a53a-d0404186a669,ノベルティバイザーナデシコ,3,64061381-b877-46bb-9e36-55781412a0d0,a7acd3b5-1d2f-44dd-b822-e7a265b3a604,HEAD
82b7c00c-4005-450b-93b3-3a05d4f60910,ノベルティバイザーポピー,3,677afa89-ae94-4a54-b39c-6a5421ec196b,a7acd3b5-1d2f-44dd-b822-e7a265b3a604,HEAD
ee6e53ac-7514-4adc-ae34-6bad44f69d5e,ノベルティバイザールピナス,3,cf987bc3-37fd-4e02-ad1e-63104289e957,a7acd3b5-1d2f-44dd-b822-e7a265b3a604,HEAD
07f9d861-2d9d-4eff-b4a0-9e1bb90cd5f7,パーティーコーンデコ,3,25e7e6fc-16ad-46a1-90de-2cfd9784b0af,24ac6fef-62c1-4e98-a922-7db12ec5ad51,HEAD
f7fa5b1b-e5df-42ef-a55a-4760186e7927,バイザーメット,3,677afa89-ae94-4a54-b39c-6a5421ec196b,cee8ff9c-d4b3-4874-b2eb-7bb616fe21bc,HEAD
b48d1999-c5c9-4fb6-aca6-c62d8168edf4,ハッピーチンアナゴハット,3,5a0d1724-7815-4e34-a5eb-d0f14c0a66b0,24ac6fef-62c1-4e98-a922-7db12ec5ad51,HEAD
205e0259-63ee-432d-97da-d9933d185486,ヒッコリーワークキャップ,3,812df8f7-aed7-4ee7-a754-b258ec55100f,89405731-4765-4d9c-afac-1e53493c6914,HEAD
e8b59267-d9b7-432b-b3dd-d4bb3d10361e,フェイスゴーグル,3,ebcee9e1-cf55-413e-807e-868d492456bc,79fdc641-d9d7-4588-87a8-7844b86b5e0b,HEAD
1f0dace5-8e1d-45d1-9566-469d40fe1cd2,フェイスバイザー,3,04e968ff-515f-4587-9183-215be5248bdc,816265b4-0957-46d3-9e81-4e278517cd6d,HEAD
efc9efda-cbf4-4bc9-ae4d-1b0bf4195b21,フライトぼう,3,cf987bc3-37fd-4e02-ad1e-63104289e957,6de766f4-0b01-45a0-b07e-df39b9390c38,HEAD
0b3eae1f-7389-4c5d-995e-c280abdc76bf,ヘッドライトヘルム,3,c3aa5536-21c7-45b0-93ab-77eba54ef5a1,f060eb2c-485c-46a5-82e2-689b995d660e,HEAD
27e24de2-db5e-406a-9ac7-dd1f9de5d073,ホッケかめん,3,68b69722-3685-4a7b-a9a8-61261708c6fb,24ac6fef-62c1-4e98-a922-7db12ec5ad51,HEAD
599349b4-e76b-4a3d-bdcf-0668fafef6e7,マリリンフハットウィズピンズ,3,c3aa5536-21c7-45b0-93ab-77eba54ef5a1,f060eb2c-485c-46a5-82e2-689b995d660e,HEAD
67eaa9e2-4bdf-45df-b496-b65eb019ff0f,マルサンSV925,3,ba62a713-f5a9-4896-b483-9d726b42e6df,b02b0560-edbb-4c28-a383-c00081810438,HEAD
3020ef1b-fc7c-462a-a904-3db05343d264,モイストワカメット,3,bc215409-96c8-4297-ae41-99296cdf3480,79fdc641-d9d7-4588-87a8-7844b86b5e0b,HEAD
ed6671f0-3971-4403-8528-a3d8fc7a2380,モンゴウベレー,3,f65736a2-92f3-4e75-a5b4-1aabf8aa4e94,79fdc641-d9d7-4588-87a8-7844b86b5e0b,HEAD
f597b289-413c-40d0-b2c4-e125991a48bb,ヤコバイザー,3,2597a598-6919-43c3-a0ab-0fbef24d1c08,dcd76d6b-dc02-46f9-8444-e73cf9821268,HEAD
21cd5a3e-3cb3-4bd8-a248-7c09deecb524,ヤマハット,3,dfeefc7d-e2e4-491b-9b2b-989b7f3252d8,82dc4e66-b8a2-496f-adf0-c4067fa91213,HEAD
e9382ae4-5601-429f-acf4-c92b9c0307d9,レジェンドのぼうし,3,c3aa5536-21c7-45b0-93ab-77eba54ef5a1,f060eb2c-485c-46a5-82e2-689b995d660e,HEAD
2e682054-6b62-49cf-a0c4-549f0481b1df,ロゴヅクシMTBメット,3,64061381-b877-46bb-9e36-55781412a0d0,2211cb2a-88f1-43a8-a0e3-f49b3c7b83a4,HEAD
1ac781db-4348-40a3-8649-b7e90ed6846a,ロングビルキャップ,3,68b69722-3685-4a7b-a9a8-61261708c6fb,89405731-4765-4d9c-afac-1e53493c6914,HEAD
c2437704-6fc1-4c93-92ce-ce5db00ee49a,金のつまようじ,3,dfeefc7d-e2e4-491b-9b2b-989b7f3252d8,eb8f9048-a957-4061-a446-2a161a626711,HEAD
59e6c06f-8503-44ee-898c-9b603effd7bb,ω-3T,1,506919ca-0b12-4f33-bff6-31a03f1b10b1,9e752385-24cf-4de5-a0bf-c27d12a8524c,BODY
93b6766f-a169-4376-881e-0cc0b70c221f,アイスグラデT,1,f00aa760-c111-40fe-a4b1-73c30419f73b,cee8ff9c-d4b3-4874-b2eb-7bb616fe21bc,BODY
819802e2-dc6c-42fa-9826-1684c309ca69,アイロニックレイヤード,1,506919ca-0b12-4f33-bff6-31a03f1b10b1,8e45fcf6-2bbd-47db-92af-a1bd7384dd5c,BODY
3d445e03-071f-4f81-90c5-4423c4560dde,アイロニックロング,1,812df8f7-aed7-4ee7-a754-b258ec55100f,8e45fcf6-2bbd-47db-92af-a1bd7384dd5c,BODY
baccd47c-f655-4b41-893a-2b7fe959a4f3,アオサドーレ,1,506919ca-0b12-4f33-bff6-31a03f1b10b1,dcd76d6b-dc02-46f9-8444-e73cf9821268,BODY
8de3fc9f-7ec8-45e7-bdd8-35db1805298a,イカゴッチンベスト,1,812df8f7-aed7-4ee7-a754-b258ec55100f,89405731-4765-4d9c-afac-1e53493c6914,BODY
a514dca0-0f2f-4042-ad9c-f18047b6364b,イカスタンシャツ,1,2597a598-6919-43c3-a0ab-0fbef24d1c08,89405731-4765-4d9c-afac-1e53493c6914,BODY
b49a23de-8a80-4a0d-8483-8d80238a738b,イカノボリベスト,1,25e7e6fc-16ad-46a1-90de-2cfd9784b0af,89405731-4765-4d9c-afac-1e53493c6914,BODY
f36fa95e-99d6-416b-89fc-76bed38ed316,イカノメT ブラック,1,bc215409-96c8-4297-ae41-99296cdf3480,a7acd3b5-1d2f-44dd-b822-e7a265b3a604,BODY
a4ddc7ba-bf2c-42f8-9c69-b53afe76a45d,イカノメT ライトブルー,1,25e7e6fc-16ad-46a1-90de-2cfd9784b0af,a7acd3b5-1d2f-44dd-b822-e7a265b3a604,BODY
8836155e-9757-430f-bb0d-a476b315cfcc,イカバッテン マスタード,1,5b147795-8073-45cd-bee2-b45ec8bd1f54,24ac6fef-62c1-4e98-a922-7db12ec5ad51,BODY
a0805c9f-c205-4b39-a181-4b149244c6cc,イカバッテンロング,1,3c88d3a5-18f1-48bd-9b11-998612cc2e6a,24ac6fef-62c1-4e98-a922-7db12ec5ad51,BODY
6e3cb4d2-6b48-4578-badc-d163c73996be,イカブラック,1,812df8f7-aed7-4ee7-a754-b258ec55100f,24ac6fef-62c1-4e98-a922-7db12ec5ad51,BODY
9a6c4480-593e-4731-9672-7f3ecc5105b6,イカホワイト,1,5bf92a05-73be-46da-a7a1-39c9d59dbc59,24ac6fef-62c1-4e98-a922-7db12ec5ad51,BODY
dd3c66b2-b5fd-4bfd-8e1d-5c39c71a2751,ウーニーズBBシャツ,1,bc215409-96c8-4297-ae41-99296cdf3480,8e45fcf6-2bbd-47db-92af-a1bd7384dd5c,BODY
0446ef66-17fa-4d8b-98f3-6de50734665e,エゾッコラグラン,1,04e968ff-515f-4587-9183-215be5248bdc,2211cb2a-88f1-43a8-a0e3-f49b3c7b83a4,BODY
8439017d-03ee-461e-b7b7-264ba692dee3,エゾッコロンTラディッシュ,1,3c88d3a5-18f1-48bd-9b11-998612cc2e6a,2211cb2a-88f1-43a8-a0e3-f49b3c7b83a4,BODY
d6695ac2-74b5-419a-b1a5-6d03de212ae6,オータムネル,1,585bf94b-4285-4707-8ca7-ab910603ba96,b02b0560-edbb-4c28-a383-c00081810438,BODY
d211dda1-d7f9-4d13-8f3c-08a57a58de14,おどるイカアロハ,1,68b69722-3685-4a7b-a9a8-61261708c6fb,79fdc641-d9d7-4588-87a8-7844b86b5e0b,BODY
e8980d87-f4d3-4772-b314-b18ad2127926,かくれパイレーツ,1,506919ca-0b12-4f33-bff6-31a03f1b10b1,a7acd3b5-1d2f-44dd-b822-e7a265b3a604,BODY
7aecb9cd-c106-4e5b-8e0d-dee4164ca72a,カモガサネ,1,dfeefc7d-e2e4-491b-9b2b-989b7f3252d8,24ac6fef-62c1-4e98-a922-7db12ec5ad51,BODY
94c4f092-c010-4ab2-8d04-ab3c52389e71,カモフラパープル,1,5b147795-8073-45cd-bee2-b45ec8bd1f54,dcd76d6b-dc02-46f9-8444-e73cf9821268,BODY
3aae5f98-50da-4be1-9ca8-aa060aa5ffd5,カレッジスウェット グレー,1,ba62a713-f5a9-4896-b483-9d726b42e6df,6de766f4-0b01-45a0-b07e-df39b9390c38,BODY
74514035-b7d4-4de5-afbf-ea532de03b08,カレッジスウェット ネイビー,1,cf987bc3-37fd-4e02-ad1e-63104289e957,6de766f4-0b01-45a0-b07e-df39b9390c38,BODY
0523b058-ba0f-4c3b-a606-38f292dfedb0,カレッジラグラン,1,3c88d3a5-18f1-48bd-9b11-998612cc2e6a,6de766f4-0b01-45a0-b07e-df39b9390c38,BODY
e61d1fbf-11f9-485e-afa4-3de5e5527f55,ガンガゼロックT クロ,1,68b69722-3685-4a7b-a9a8-61261708c6fb,b02b0560-edbb-4c28-a383-c00081810438,BODY
22379550-c7fa-4394-83ee-225a5aabf073,ガンガゼロックT シロ,1,585bf94b-4285-4707-8ca7-ab910603ba96,b02b0560-edbb-4c28-a383-c00081810438,BODY
4b0233f4-5c36-48b7-8d1a-f2abdcb15815,キングオクトTミドリベロア,1,623796be-e2a9-4407-9122-916729dad7f8,9b0e7442-49c8-47c0-b621-a10863b53e80,BODY
9d895c0c-98fd-46b9-8b77-1e180690f556,キングタンク スラッシュ,1,ae69af21-23f1-4aed-8968-bd1c5bf9d76e,9b0e7442-49c8-47c0-b621-a10863b53e80,BODY
546a027c-1b2a-48b6-9542-20292a8cc5da,キングタンク ホワイト,1,3c88d3a5-18f1-48bd-9b11-998612cc2e6a,9b0e7442-49c8-47c0-b621-a10863b53e80,BODY
1bcf9fd4-c66f-4e35-88ac-e7bda7f557c7,キングタンク マリン,1,cf987bc3-37fd-4e02-ad1e-63104289e957,9b0e7442-49c8-47c0-b621-a10863b53e80,BODY
197eb896-3cce-461a-8815-7c843098959f,キングパーカー グレープ,1,5a0d1724-7815-4e34-a5eb-d0f14c0a66b0,9b0e7442-49c8-47c0-b621-a10863b53e80,BODY
45fcc093-a307-4ba3-a3d8-429623e1d05b,クラーゲス528,1,bc215409-96c8-4297-ae41-99296cdf3480,89405731-4765-4d9c-afac-1e53493c6914,BODY
4f9834d4-27ba-47a2-9a6e-aa9011f7026e,グリーンT,1,623796be-e2a9-4407-9122-916729dad7f8,79fdc641-d9d7-4588-87a8-7844b86b5e0b,BODY
560ff1c5-18ff-4eef-9fc0-30ff12da645c,グレープT,1,68b69722-3685-4a7b-a9a8-61261708c6fb,cee8ff9c-d4b3-4874-b2eb-7bb616fe21bc,BODY
348d9d86-0219-4b3e-8727-eadd51dc11ac,さくらエビポロ,1,f00aa760-c111-40fe-a4b1-73c30419f73b,6de766f4-0b01-45a0-b07e-df39b9390c38,BODY
c509f4c5-59f5-4de2-a575-b807b1e98fee,サニーオレンジT,1,dfeefc7d-e2e4-491b-9b2b-989b7f3252d8,89405731-4765-4d9c-afac-1e53493c6914,BODY
ceab0728-9ea7-4c89-a2d0-96af26eb62a0,シャンブレーシャツ,1,5b147795-8073-45cd-bee2-b45ec8bd1f54,6de766f4-0b01-45a0-b07e-df39b9390c38,BODY
a7a761bd-f255-44be-981a-942b5a930341,ソウショクT,1,f00aa760-c111-40fe-a4b1-73c30419f73b,9e752385-24cf-4de5-a0bf-c27d12a8524c,BODY
7a7f06bd-548e-4712-a2d6-b74a96afcebc,チドリメロンT,1,ba62a713-f5a9-4896-b483-9d726b42e6df,cee8ff9c-d4b3-4874-b2eb-7bb616fe21bc,BODY
37ddeb09-8114-483b-9afc-2634ad52aef3,チョコガサネ,1,5bf92a05-73be-46da-a7a1-39c9d59dbc59,dcd76d6b-dc02-46f9-8444-e73cf9821268,BODY
d2302fcc-2ff6-4925-893c-a19faac6250f,デカロTキウイ,1,5a0d1724-7815-4e34-a5eb-d0f14c0a66b0,8e45fcf6-2bbd-47db-92af-a1bd7384dd5c,BODY
4a079f77-9cf3-4a3c-8b15-d8a7c8eac3ee,デカロTゴールデン,1,ae69af21-23f1-4aed-8968-bd1c5bf9d76e,8e45fcf6-2bbd-47db-92af-a1bd7384dd5c,BODY
f849da52-6064-492e-96d0-a1bbf5e34d8e,デカロゴT シロ,1,cf987bc3-37fd-4e02-ad1e-63104289e957,8e45fcf6-2bbd-47db-92af-a1bd7384dd5c,BODY
3fcdabc4-c069-4bc1-a6a6-7e7bcf07769b,デカロゴT ノーコン,1,585bf94b-4285-4707-8ca7-ab910603ba96,8e45fcf6-2bbd-47db-92af-a1bd7384dd5c,BODY
b6c785d9-4845-4ccc-9686-515cef9695df,トビウォーズHKユニ,1,25e7e6fc-16ad-46a1-90de-2cfd9784b0af,8e45fcf6-2bbd-47db-92af-a1bd7384dd5c,BODY
8681f83d-b4a8-4579-9404-a0b26e776feb,トリコロールラガー,1,5a0d1724-7815-4e34-a5eb-d0f14c0a66b0,dcd76d6b-dc02-46f9-8444-e73cf9821268,BODY
6e4d1c74-f0f4-4557-b2d8-e832c233bd2f,ニクショクT,1,04e968ff-515f-4587-9183-215be5248bdc,9e752385-24cf-4de5-a0bf-c27d12a8524c,BODY
c032b9ed-7391-4c5d-816c-9ef2505c6043,パールドットT,1,5bf92a05-73be-46da-a7a1-39c9d59dbc59,cee8ff9c-d4b3-4874-b2eb-7bb616fe21bc,BODY
20542743-b183-4d7d-995f-4153edd048e2,パイレーツボーダー,1,812df8f7-aed7-4ee7-a754-b258ec55100f,6de766f4-0b01-45a0-b07e-df39b9390c38,BODY
626864ba-0820-48b8-81a6-b6f8a75de737,バスケジャージ アウェイ,1,5bf92a05-73be-46da-a7a1-39c9d59dbc59,8e45fcf6-2bbd-47db-92af-a1bd7384dd5c,BODY
47230259-047d-4dbb-a96c-fb7970d16ce4,バトロング ホワイト,1,68b69722-3685-4a7b-a9a8-61261708c6fb,24ac6fef-62c1-4e98-a922-7db12ec5ad51,BODY
f0fb8142-9dea-469e-900c-4c2d89c2c1ab,ハラグロラグラン,1,ba62a713-f5a9-4896-b483-9d726b42e6df,b02b0560-edbb-4c28-a383-c00081810438,BODY
17406cbd-42fc-4b5c-a24f-b1bbd2516bc0,ハラシロラグラン,1,2597a598-6919-43c3-a0ab-0fbef24d1c08,b02b0560-edbb-4c28-a383-c00081810438,BODY
adc69a41-51a2-4804-9323-bcd5077e2a07,バンドT ABXY,1,25e7e6fc-16ad-46a1-90de-2cfd9784b0af,b02b0560-edbb-4c28-a383-c00081810438,BODY
3f055e42-216a-4622-8746-8e7d8edab292,バンドT HIGHTIDEERA,1,ae69af21-23f1-4aed-8968-bd1c5bf9d76e,b02b0560-edbb-4c28-a383-c00081810438,BODY
4c69769c-8c0e-47e9-83a3-c0ad4d7b8f82,バンドT SQUIDSQUAD,1,cf987bc3-37fd-4e02-ad1e-63104289e957,b02b0560-edbb-4c28-a383-c00081810438,BODY
726f7578-d786-417d-8074-76df0f1d1652,バンドT WETFLOOR,1,ba62a713-f5a9-4896-b483-9d726b42e6df,b02b0560-edbb-4c28-a383-c00081810438,BODY
beb8e7d7-396e-4e2e-8f81-d6fb9e3b6a63,ピンポンポロ,1,f00aa760-c111-40fe-a4b1-73c30419f73b,2211cb2a-88f1-43a8-a0e3-f49b3c7b83a4,BODY
25d18570-04fe-4fdb-b8b4-a75313fb47df,フレンドT,1,ae69af21-23f1-4aed-8968-bd1c5bf9d76e,24ac6fef-62c1-4e98-a922-7db12ec5ad51,BODY
43e3fd68-c830-418e-88fe-2e54619ec35a,ベイビークラゲシャツ,1,04e968ff-515f-4587-9183-215be5248bdc,6de766f4-0b01-45a0-b07e-df39b9390c38,BODY
b31a9ed0-cfe0-48dd-a18d-4fd10e1c4849,ベクトルパターン グレー,1,2597a598-6919-43c3-a0ab-0fbef24d1c08,dcd76d6b-dc02-46f9-8444-e73cf9821268,BODY
55d37854-13c4-41a4-8482-2ec5e8a79818,ベクトルパターン レッド,1,585bf94b-4285-4707-8ca7-ab910603ba96,dcd76d6b-dc02-46f9-8444-e73cf9821268,BODY
b8fbd17c-4c36-4beb-9b89-88564afdc496,ベクトルラインガサネ,1,623796be-e2a9-4407-9122-916729dad7f8,dcd76d6b-dc02-46f9-8444-e73cf9821268,BODY
ad011818-25c8-45ac-b1c0-2782d28b74e9,ボーダーネイビー,1,68b69722-3685-4a7b-a9a8-61261708c6fb,6de766f4-0b01-45a0-b07e-df39b9390c38,BODY
fc6d4c7d-dd78-4561-a63d-a0de732a6241,ボーダーモスグリーン,1,f00aa760-c111-40fe-a4b1-73c30419f73b,82dc4e66-b8a2-496f-adf0-c4067fa91213,BODY
c98a282a-6e90-4469-910f-749274a1f026,ホットグラデT,1,dfeefc7d-e2e4-491b-9b2b-989b7f3252d8,cee8ff9c-d4b3-4874-b2eb-7bb616fe21bc,BODY
84229cbe-303f-4347-bdfa-08f52ec2fe36,マスタードガサネ,1,2597a598-6919-43c3-a0ab-0fbef24d1c08,24ac6fef-62c1-4e98-a922-7db12ec5ad51,BODY
9536874f-77b9-423c-9c83-92babd548b10,マリンボーダー,1,bc215409-96c8-4297-ae41-99296cdf3480,6de766f4-0b01-45a0-b07e-df39b9390c38,BODY
51afa4b0-a2a9-4e55-8d35-6debc767edc3,マルフグT,1,ba62a713-f5a9-4896-b483-9d726b42e6df,9e752385-24cf-4de5-a0bf-c27d12a8524c,BODY
9030bec9-04c1-4559-ac37-a46e438a8d39,ミントT,1,04e968ff-515f-4587-9183-215be5248bdc,cee8ff9c-d4b3-4874-b2eb-7bb616fe21bc,BODY
3ea584a4-d27a-4e73-a478-c8db8c712d24,ヤキフグ8bit グレー,1,dfeefc7d-e2e4-491b-9b2b-989b7f3252d8,9e752385-24cf-4de5-a0bf-c27d12a8524c,BODY
cab7a6fe-efe3-4239-a959-0f3ad6b5aec4,ヤキフグ8bit ブラック,1,04e968ff-515f-4587-9183-215be5248bdc,9e752385-24cf-4de5-a0bf-c27d12a8524c,BODY
1d80603b-10ab-4678-97e5-9e85de26e27b,ヤキフグ8bit ホワイト,1,5b147795-8073-45cd-bee2-b45ec8bd1f54,9e752385-24cf-4de5-a0bf-c27d12a8524c,BODY
ebf91274-dbde-43d2-9daa-632039739f27,ヤコタイダイ ギャラクシー,1,ae69af21-23f1-4aed-8968-bd1c5bf9d76e,dcd76d6b-dc02-46f9-8444-e73cf9821268,BODY
1e68962c-ac0d-4606-807f-1ab1de7d795c,ヤコタイダイ レインボー,1,2597a598-6919-43c3-a0ab-0fbef24d1c08,dcd76d6b-dc02-46f9-8444-e73cf9821268,BODY
4506b497-9950-4831-aabc-d4ab2fd3559a,ヤマビコT アイボリー,1,3c88d3a5-18f1-48bd-9b11-998612cc2e6a,82dc4e66-b8a2-496f-adf0-c4067fa91213,BODY
8f5dc717-4e9f-4572-a117-6974f88a1469,ヤマビコT ブルー,1,5bf92a05-73be-46da-a7a1-39c9d59dbc59,82dc4e66-b8a2-496f-adf0-c4067fa91213,BODY
69c34333-8f1e-4f0a-814a-c0f116944eac,ヤマビコボーダー,1,2597a598-6919-43c3-a0ab-0fbef24d1c08,82dc4e66-b8a2-496f-adf0-c4067fa91213,BODY
efa4fcf6-960e-43f7-ad4d-3bd9ffb2c61b,よもぎポロ,1,25e7e6fc-16ad-46a1-90de-2cfd9784b0af,6de766f4-0b01-45a0-b07e-df39b9390c38,BODY
05c9a013-3b6d-4099-b508-797da1365156,リールロールスウェット,1,812df8f7-aed7-4ee7-a754-b258ec55100f,2211cb2a-88f1-43a8-a0e3-f49b3c7b83a4,BODY
5b7607aa-edb9-4936-89dd-a491f3e3d0c1,レイニーブルーT,1,585bf94b-4285-4707-8ca7-ab910603ba96,89405731-4765-4d9c-afac-1e53493c6914,BODY
318f0241-28ac-4155-ae03-90f48d15bba1,レイヤード ブラック,1,585bf94b-4285-4707-8ca7-ab910603ba96,24ac6fef-62c1-4e98-a922-7db12ec5ad51,BODY
200bbca8-d549-4688-ade5-79fec4f0403a,レイヤード ホワイト,1,623796be-e2a9-4407-9122-916729dad7f8,24ac6fef-62c1-4e98-a922-7db12ec5ad51,BODY
9acdecc9-c15c-4822-9644-78246ad66471,レタード オレンジ,1,dfeefc7d-e2e4-491b-9b2b-989b7f3252d8,6de766f4-0b01-45a0-b07e-df39b9390c38,BODY
6ebc06cb-905c-4e4d-a49e-db7e8846fd02,ロッケンベルグT ブラック,1,506919ca-0b12-4f33-bff6-31a03f1b10b1,b02b0560-edbb-4c28-a383-c00081810438,BODY
baabe97d-e8b3-4eec-a9ad-4fb77a2b7ea7,わかばイカT,1,5a0d1724-7815-4e34-a5eb-d0f14c0a66b0,24ac6fef-62c1-4e98-a922-7db12ec5ad51,BODY
71310145-c565-4a6d-8aa5-dd98c48b3124,わかばタコT,1,5bf92a05-73be-46da-a7a1-39c9d59dbc59,eb8f9048-a957-4061-a446-2a161a626711,BODY
98f66c82-44bd-4325-a6d2-80cd51ef4375,F-010,2,3c88d3a5-18f1-48bd-9b11-998612cc2e6a,79fdc641-d9d7-4588-87a8-7844b86b5e0b,BODY
09050071-add3-4f6b-8ec7-a10cdfe588ff,F-190,2,bc215409-96c8-4297-ae41-99296cdf3480,79fdc641-d9d7-4588-87a8-7844b86b5e0b,BODY
15cadec5-9c29-4974-857e-c611f784e718,FA-11ウラ カスタム,2,04e968ff-515f-4587-9183-215be5248bdc,79fdc641-d9d7-4588-87a8-7844b86b5e0b,BODY
108094d1-9f19-4b2d-b01f-1ba5b7c9fb71,FA-11オモテ カスタム,2,04e968ff-515f-4587-9183-215be5248bdc,79fdc641-d9d7-4588-87a8-7844b86b5e0b,BODY
d74edd9e-8b2d-46ad-9a47-dafa7addc695,FCカラスミ,2,04e968ff-515f-4587-9183-215be5248bdc,dcd76d6b-dc02-46f9-8444-e73cf9821268,BODY
ec8116ae-0198-450c-806f-592502acb598,アーバンベスト イエロー,2,3c88d3a5-18f1-48bd-9b11-998612cc2e6a,9e752385-24cf-4de5-a0bf-c27d12a8524c,BODY
093f93e0-e6c7-47be-b933-cd59c7dc16af,アーマージャケット レプリカ,2,dfeefc7d-e2e4-491b-9b2b-989b7f3252d8,eb8f9048-a957-4061-a446-2a161a626711,BODY
fca23c4d-80bf-4f53-8ecd-d76a55ad84e1,アナアキニット アオソデ,2,623796be-e2a9-4407-9122-916729dad7f8,d3beca43-e962-410b-8775-8446c39a046a,BODY
34b66bc9-c8b8-4222-9372-3eca42d5e321,アナアキニット アカソデ,2,3c88d3a5-18f1-48bd-9b11-998612cc2e6a,d3beca43-e962-410b-8775-8446c39a046a,BODY
75e59b7d-540c-4e40-ac2d-c452fe2bde4e,アナアキニット キソデ,2,5a0d1724-7815-4e34-a5eb-d0f14c0a66b0,d3beca43-e962-410b-8775-8446c39a046a,BODY
b7f3f242-225a-44ca-ab16-2e19c86e0b10,アナアキロンT ドライブ,2,ae69af21-23f1-4aed-8968-bd1c5bf9d76e,d3beca43-e962-410b-8775-8446c39a046a,BODY
d52248ef-2712-49a1-9e76-ffcdd183ac41,アロメスローガンT,2,dfeefc7d-e2e4-491b-9b2b-989b7f3252d8,a7acd3b5-1d2f-44dd-b822-e7a265b3a604,BODY
c19b541b-cfed-4ea7-8182-a47efba44855,アロメテックT ブルー,2,5a0d1724-7815-4e34-a5eb-d0f14c0a66b0,a7acd3b5-1d2f-44dd-b822-e7a265b3a604,BODY
87dc705c-c2d2-46dd-b66a-f86d6f8e5a53,アロメテックT レッド,2,ba62a713-f5a9-4896-b483-9d726b42e6df,a7acd3b5-1d2f-44dd-b822-e7a265b3a604,BODY
3fe26d3a-28cb-471e-b896-1ee23ceffbc4,アロメランベスト シルバー,2,ae69af21-23f1-4aed-8968-bd1c5bf9d76e,a7acd3b5-1d2f-44dd-b822-e7a265b3a604,BODY
fabc745c-c795-4f53-b522-211c33fb5619,イイダチトップス,2,812df8f7-aed7-4ee7-a754-b258ec55100f,43a1e335-8966-4637-9533-f7a7fb372dc7,BODY
50128df4-bbfc-4a25-8b13-5008a456d63d,イカイエローVガサネ,2,ba62a713-f5a9-4896-b483-9d726b42e6df,24ac6fef-62c1-4e98-a922-7db12ec5ad51,BODY
777e8917-dae9-4544-82c2-b6cba8a607d0,イカグリーンV コラボ,2,2597a598-6919-43c3-a0ab-0fbef24d1c08,24ac6fef-62c1-4e98-a922-7db12ec5ad51,BODY
5058fc20-bbf9-4236-a632-9cc6f5e941d6,イカセーラー ホワイト,2,585bf94b-4285-4707-8ca7-ab910603ba96,79fdc641-d9d7-4588-87a8-7844b86b5e0b,BODY
e566e73f-825f-427f-94f7-0bb139bf10b2,イカブラックV,2,ae69af21-23f1-4aed-8968-bd1c5bf9d76e,24ac6fef-62c1-4e98-a922-7db12ec5ad51,BODY
d24c6ee1-114f-4ffa-aa25-ddeb1c7d0ff8,イカホワイトV,2,623796be-e2a9-4407-9122-916729dad7f8,24ac6fef-62c1-4e98-a922-7db12ec5ad51,BODY
b4c9a531-77dd-40dc-8a9f-b394ba71ab64,イカリスウェット,2,25e7e6fc-16ad-46a1-90de-2cfd9784b0af,24ac6fef-62c1-4e98-a922-7db12ec5ad51,BODY
e4f68cef-5098-4aa7-8629-12adb1bfba8c,イカレッドV コラボ,2,5a0d1724-7815-4e34-a5eb-d0f14c0a66b0,24ac6fef-62c1-4e98-a922-7db12ec5ad51,BODY
fff30090-bae9-4554-a13b-b28103bd0f75,ウラスカジャン,2,dfeefc7d-e2e4-491b-9b2b-989b7f3252d8,2211cb2a-88f1-43a8-a0e3-f49b3c7b83a4,BODY
34165e48-0546-41df-8c39-afc2d19122db,エゾッココーチ アカネ,2,3c88d3a5-18f1-48bd-9b11-998612cc2e6a,2211cb2a-88f1-43a8-a0e3-f49b3c7b83a4,BODY
61485094-ef55-477c-a143-5fa8387eda49,エゾッココーチ ウコン,2,ae69af21-23f1-4aed-8968-bd1c5bf9d76e,2211cb2a-88f1-43a8-a0e3-f49b3c7b83a4,BODY
f42f0e7f-5df7-4340-8708-e1f5f6b562a7,エゾッココーチ モエギ,2,506919ca-0b12-4f33-bff6-31a03f1b10b1,2211cb2a-88f1-43a8-a0e3-f49b3c7b83a4,BODY
e9ec4f3e-d796-4938-8b70-4f8b0288ef57,エゾッコパーカー アズキ,2,f00aa760-c111-40fe-a4b1-73c30419f73b,2211cb2a-88f1-43a8-a0e3-f49b3c7b83a4,BODY
24c021a2-b3ae-4026-ab7c-fd863995e25b,エゾッコパーカー ウグイス,2,ba62a713-f5a9-4896-b483-9d726b42e6df,2211cb2a-88f1-43a8-a0e3-f49b3c7b83a4,BODY
7d057ba1-209b-46d5-994e-b1c0363badf3,エゾッコロンTキャロット,2,cf987bc3-37fd-4e02-ad1e-63104289e957,2211cb2a-88f1-43a8-a0e3-f49b3c7b83a4,BODY
115ed817-8b45-45bb-94d8-53c024e9fe10,エンチャントローブ,2,ae69af21-23f1-4aed-8968-bd1c5bf9d76e,43a1e335-8966-4637-9533-f7a7fb372dc7,BODY
cb8ebb9f-c0de-4161-9b4b-79b398ea38c3,オクタリアンレトロ,2,506919ca-0b12-4f33-bff6-31a03f1b10b1,eb8f9048-a957-4061-a446-2a161a626711,BODY
62c7532e-bde4-4c69-a8d5-bf6e33b13e5f,オレンジボーダーラガー,2,bc215409-96c8-4297-ae41-99296cdf3480,dcd76d6b-dc02-46f9-8444-e73cf9821268,BODY
83769c7a-739e-4362-96cc-0966319d8ff0,ガチガサネ,2,bc215409-96c8-4297-ae41-99296cdf3480,24ac6fef-62c1-4e98-a922-7db12ec5ad51,BODY
b9b9784e-ec90-413c-ad69-4b1d3de79ada,ガチブラック,2,506919ca-0b12-4f33-bff6-31a03f1b10b1,24ac6fef-62c1-4e98-a922-7db12ec5ad51,BODY
7d781bfd-4355-491e-ab74-c4eff5cbdd2f,ガチホワイト,2,f00aa760-c111-40fe-a4b1-73c30419f73b,24ac6fef-62c1-4e98-a922-7db12ec5ad51,BODY
1a0856d9-005d-4f1d-964d-017bd827d56f,ギンガムチェック アカ,2,585bf94b-4285-4707-8ca7-ab910603ba96,2211cb2a-88f1-43a8-a0e3-f49b3c7b83a4,BODY
242e7c65-ea04-4917-b330-55d6e2e5f959,ギンガムチェック ミドリ,2,5b147795-8073-45cd-bee2-b45ec8bd1f54,2211cb2a-88f1-43a8-a0e3-f49b3c7b83a4,BODY
9ef85e88-6139-4c22-bfb6-4242fdcc9582,キングHKシャツ,2,506919ca-0b12-4f33-bff6-31a03f1b10b1,9b0e7442-49c8-47c0-b621-a10863b53e80,BODY
eb9918e1-b237-40e6-a1f4-1064c212c502,キングオクトHKシャツ,2,dfeefc7d-e2e4-491b-9b2b-989b7f3252d8,9b0e7442-49c8-47c0-b621-a10863b53e80,BODY
6d74deb3-ec19-4831-b609-2bb536f609bb,キングオクトTブラックベロア,2,25e7e6fc-16ad-46a1-90de-2cfd9784b0af,9b0e7442-49c8-47c0-b621-a10863b53e80,BODY
0e82527b-5960-432d-8253-2bf9ac03a0ca,グランパなフク,2,ae69af21-23f1-4aed-8968-bd1c5bf9d76e,eb8f9048-a957-4061-a446-2a161a626711,BODY
0613ab7d-f535-4a38-a94f-1627735e80ad,サムライジャケット,2,dfeefc7d-e2e4-491b-9b2b-989b7f3252d8,43a1e335-8966-4637-9533-f7a7fb372dc7,BODY
d39407e8-db69-4681-8600-b47b276f8c20,ジップアップ グリーン,2,812df8f7-aed7-4ee7-a754-b258ec55100f,9e752385-24cf-4de5-a0bf-c27d12a8524c,BODY
bac3a68b-2db3-471b-b9b5-f106e7442412,シャツノゾキピンク,2,04e968ff-515f-4587-9183-215be5248bdc,6de766f4-0b01-45a0-b07e-df39b9390c38,BODY
36e25880-bfaa-4071-b1ba-12008dbaff45,シャツノゾキブルー,2,812df8f7-aed7-4ee7-a754-b258ec55100f,6de766f4-0b01-45a0-b07e-df39b9390c38,BODY
840f2d0d-0853-4452-a051-251cc955ce16,スウェットT ゴブ,2,5bf92a05-73be-46da-a7a1-39c9d59dbc59,816265b4-0957-46d3-9e81-4e278517cd6d,BODY
c9fc96a1-7e4d-44ca-a9ea-95d32dc9b48a,スクールカーデ,2,bc215409-96c8-4297-ae41-99296cdf3480,43a1e335-8966-4637-9533-f7a7fb372dc7,BODY
7aba1d1c-5f89-46dc-a06b-ff949aa2a4ac,スクールジャージー,2,f00aa760-c111-40fe-a4b1-73c30419f73b,8e45fcf6-2bbd-47db-92af-a1bd7384dd5c,BODY
0a28ec30-625c-4fbd-af2e-f267a4fdf0f8,スクールブレザー,2,68b69722-3685-4a7b-a9a8-61261708c6fb,43a1e335-8966-4637-9533-f7a7fb372dc7,BODY
17cd0cf0-3b71-4556-ae18-79373eadeb1b,スミカケシャツ,2,dfeefc7d-e2e4-491b-9b2b-989b7f3252d8,816265b4-0957-46d3-9e81-4e278517cd6d,BODY
0c425a18-b4cc-4ada-bc30-10ffe4b92410,スミヌキシャツ,2,68b69722-3685-4a7b-a9a8-61261708c6fb,816265b4-0957-46d3-9e81-4e278517cd6d,BODY
72fc6a5a-6b7d-4e45-8a42-8ec08036859a,タイツキベイビークラゲ,2,25e7e6fc-16ad-46a1-90de-2cfd9784b0af,6de766f4-0b01-45a0-b07e-df39b9390c38,BODY
d22b98a8-f9ba-43f4-aa2c-ec11e3202530,タコゾネスプロテクターネオ,2,3c88d3a5-18f1-48bd-9b11-998612cc2e6a,eb8f9048-a957-4061-a446-2a161a626711,BODY
330ae5e1-3fa3-405f-98d9-d9a6b451d469,タコティカルなよろい,2,5bf92a05-73be-46da-a7a1-39c9d59dbc59,43a1e335-8966-4637-9533-f7a7fb372dc7,BODY
3761a6eb-474d-4691-8376-fe1454abbb87,タコボウラーシャツ,2,585bf94b-4285-4707-8ca7-ab910603ba96,89405731-4765-4d9c-afac-1e53493c6914,BODY
bb936ad5-ec22-4a7a-9bc0-7dffa8047b1e,タコロンT 赤,2,04e968ff-515f-4587-9183-215be5248bdc,eb8f9048-a957-4061-a446-2a161a626711,BODY
8cf247ba-184b-4445-940c-30fb71bf7de4,タコロンT 黒,2,ba62a713-f5a9-4896-b483-9d726b42e6df,eb8f9048-a957-4061-a446-2a161a626711,BODY
ebd2d131-c663-487a-bb67-0ab13b3eb9a8,チリメンタコアロハ,2,04e968ff-515f-4587-9183-215be5248bdc,89405731-4765-4d9c-afac-1e53493c6914,BODY
0210e245-1f66-403f-8e13-645ce817cdbd,テッカサイクルシャツ,2,25e7e6fc-16ad-46a1-90de-2cfd9784b0af,8e45fcf6-2bbd-47db-92af-a1bd7384dd5c,BODY
a1dc58a4-189e-4929-b17e-bc7e566d027e,ニンジャスーツ,2,623796be-e2a9-4407-9122-916729dad7f8,43a1e335-8966-4637-9533-f7a7fb372dc7,BODY
213f2ab3-76f7-4185-8d82-20855f8e940b,ネルアーマー レプリカ,2,cf987bc3-37fd-4e02-ad1e-63104289e957,eb8f9048-a957-4061-a446-2a161a626711,BODY
728b2dae-2f59-480a-9ed5-a513c0ef7e6e,バスケジャージ ホーム,2,623796be-e2a9-4407-9122-916729dad7f8,8e45fcf6-2bbd-47db-92af-a1bd7384dd5c,BODY
4fc22cba-854a-400a-924a-3d89f98179e4,バニーポップ ブラック,2,2597a598-6919-43c3-a0ab-0fbef24d1c08,2211cb2a-88f1-43a8-a0e3-f49b3c7b83a4,BODY
9303b733-7e31-42b1-914c-a1551e70da08,パワードスーツ,2,5a0d1724-7815-4e34-a5eb-d0f14c0a66b0,43a1e335-8966-4637-9533-f7a7fb372dc7,BODY
46226d3d-02fc-43c1-b7e8-087515749df2,パワードスーツ オリジン,2,cf987bc3-37fd-4e02-ad1e-63104289e957,43a1e335-8966-4637-9533-f7a7fb372dc7,BODY
95f7b11d-05e6-446a-ace6-c2678f4053bd,ピーターパンクシャツ,2,585bf94b-4285-4707-8ca7-ab910603ba96,d3beca43-e962-410b-8775-8446c39a046a,BODY
3eeef3aa-39a6-4ca2-9a00-2474661fc6b2,ヒーロージャケット レプリカ,2,ba62a713-f5a9-4896-b483-9d726b42e6df,eb8f9048-a957-4061-a446-2a161a626711,BODY
a401a49e-fa36-4c2f-8c4c-55c8157b526b,ヒーローフーディー レプリカ,2,68b69722-3685-4a7b-a9a8-61261708c6fb,eb8f9048-a957-4061-a446-2a161a626711,BODY
e05094ca-f711-493c-95a1-b6d46bc9a30a,ヒメイトパーカー,2,506919ca-0b12-4f33-bff6-31a03f1b10b1,43a1e335-8966-4637-9533-f7a7fb372dc7,BODY
5b42be50-cbaf-449a-ad0b-7a16f6c8a7f0,ひれおくんのて,2,2597a598-6919-43c3-a0ab-0fbef24d1c08,43a1e335-8966-4637-9533-f7a7fb372dc7,BODY
adf6caa7-c030-4fdb-988a-f60674568f36,フィッシャーズベスト オジ,2,5a0d1724-7815-4e34-a5eb-d0f14c0a66b0,82dc4e66-b8a2-496f-adf0-c4067fa91213,BODY
b7aba1de-5d5f-4f2a-96d3-0ea2ca410e16,ブロックストライプシャツ,2,2597a598-6919-43c3-a0ab-0fbef24d1c08,6de766f4-0b01-45a0-b07e-df39b9390c38,BODY
04b7b0bc-d2a8-4b5d-8b48-893ad7c873d9,フロントジップベスト,2,cf987bc3-37fd-4e02-ad1e-63104289e957,816265b4-0957-46d3-9e81-4e278517cd6d,BODY
15b3203d-39b1-4769-9c1c-304ffea205b0,ボーダーホワイト,2,5a0d1724-7815-4e34-a5eb-d0f14c0a66b0,6de766f4-0b01-45a0-b07e-df39b9390c38,BODY
09cb736b-6485-4d57-9e03-2432c966dd70,ホタパーカー グレー,2,5b147795-8073-45cd-bee2-b45ec8bd1f54,cee8ff9c-d4b3-4874-b2eb-7bb616fe21bc,BODY
952306a9-2e03-4e5a-b654-bed625b66ed8,ホタパーカー ブラック,2,cf987bc3-37fd-4e02-ad1e-63104289e957,cee8ff9c-d4b3-4874-b2eb-7bb616fe21bc,BODY
da62f4ea-16ab-4412-baaf-3a219c34ce96,ホタプラントパーカー,2,bc215409-96c8-4297-ae41-99296cdf3480,cee8ff9c-d4b3-4874-b2eb-7bb616fe21bc,BODY
d45f33da-2dc8-42d2-a757-28053dbb4bb4,ホッコリー ネイビー,2,5b147795-8073-45cd-bee2-b45ec8bd1f54,9e752385-24cf-4de5-a0bf-c27d12a8524c,BODY
23889ca4-f45b-4b14-b478-44ef9e18095c,マウンテンベリー,2,812df8f7-aed7-4ee7-a754-b258ec55100f,82dc4e66-b8a2-496f-adf0-c4067fa91213,BODY
87ce7f17-b3fb-4cce-8a97-c44f7d2d9cd8,マルエリシャツ,2,5bf92a05-73be-46da-a7a1-39c9d59dbc59,b02b0560-edbb-4c28-a383-c00081810438,BODY
03d1646b-f149-40e9-9629-84a64159410f,ミックスシャツ グレー,2,2597a598-6919-43c3-a0ab-0fbef24d1c08,2211cb2a-88f1-43a8-a0e3-f49b3c7b83a4,BODY
039c9df3-f848-429d-9f25-4fc92076094c,ヤキフグ16bit カーキ,2,68b69722-3685-4a7b-a9a8-61261708c6fb,9e752385-24cf-4de5-a0bf-c27d12a8524c,BODY
6bfe02e1-e75f-4915-b624-af77622d373b,ヤキフグ16bit ブルー,2,623796be-e2a9-4407-9122-916729dad7f8,9e752385-24cf-4de5-a0bf-c27d12a8524c,BODY
f46aaeed-f98d-459d-a881-31a60bdd0ed4,ヤコラグランクレイジー,2,f00aa760-c111-40fe-a4b1-73c30419f73b,dcd76d6b-dc02-46f9-8444-e73cf9821268,BODY
3d65f156-adb7-452a-9ba9-d4b32e1d9113,ゆとりボーダー ピンク,2,2597a598-6919-43c3-a0ab-0fbef24d1c08,6de766f4-0b01-45a0-b07e-df39b9390c38,BODY
7828d828-f1ae-406c-9cfa-129f79b47039,ゆとりボーダー ライム,2,cf987bc3-37fd-4e02-ad1e-63104289e957,6de766f4-0b01-45a0-b07e-df39b9390c38,BODY
dccc51b8-18b5-427f-bf0f-92fdc81332e8,リーグT,2,812df8f7-aed7-4ee7-a754-b258ec55100f,24ac6fef-62c1-4e98-a922-7db12ec5ad51,BODY
4dfc105b-c76d-45a4-bfd2-49039a5edf69,レタード グリーン,2,5bf92a05-73be-46da-a7a1-39c9d59dbc59,6de766f4-0b01-45a0-b07e-df39b9390c38,BODY
6d13c367-602b-4a73-9539-9d585cd07ef2,ロゴマシマシアロハ,2,68b69722-3685-4a7b-a9a8-61261708c6fb,2211cb2a-88f1-43a8-a0e3-f49b3c7b83a4,BODY
9fffc5db-d967-424c-b79b-ad5d9cca5982,ロッケンベルグT ホワイト,2,68b69722-3685-4a7b-a9a8-61261708c6fb,b02b0560-edbb-4c28-a383-c00081810438,BODY
30ca52c8-4430-4289-9796-ebf60225109f,ロブスターズユニ,2,5b147795-8073-45cd-bee2-b45ec8bd1f54,a7acd3b5-1d2f-44dd-b822-e7a265b3a604,BODY
a3834398-c474-4c52-805a-eb787126aad8,BBシャツ プレミアム,3,ba62a713-f5a9-4896-b483-9d726b42e6df,f060eb2c-485c-46a5-82e2-689b995d660e,BODY
ee50c4a1-55a7-4d0c-8a4c-3dce668fe208,F-3 ペイントカスタム,3,cf987bc3-37fd-4e02-ad1e-63104289e957,79fdc641-d9d7-4588-87a8-7844b86b5e0b,BODY
f63f5cb8-9a72-48fa-a1e2-40d80f0fd4a7,F-3 ホワイトレザー,3,506919ca-0b12-4f33-bff6-31a03f1b10b1,79fdc641-d9d7-4588-87a8-7844b86b5e0b,BODY
be113ce0-559d-4ba6-8858-e99437e9a62d,FA-01ウラ,3,2597a598-6919-43c3-a0ab-0fbef24d1c08,79fdc641-d9d7-4588-87a8-7844b86b5e0b,BODY
da91251b-afde-4ed2-87c7-4176ff2f76e4,FA-01オモテ,3,68b69722-3685-4a7b-a9a8-61261708c6fb,79fdc641-d9d7-4588-87a8-7844b86b5e0b,BODY
c442ecee-05c0-4024-a36f-946dc42668a7,FCジャージー,3,5a0d1724-7815-4e34-a5eb-d0f14c0a66b0,8e45fcf6-2bbd-47db-92af-a1bd7384dd5c,BODY
a86472fc-5a2c-4ee5-8e79-f7c8e116a199,SWCロゴT,3,ba62a713-f5a9-4896-b483-9d726b42e6df,24ac6fef-62c1-4e98-a922-7db12ec5ad51,BODY
0b087f95-347e-454a-8080-b6ab827d5777,アーバンベスト ナイト,3,25e7e6fc-16ad-46a1-90de-2cfd9784b0af,9e752385-24cf-4de5-a0bf-c27d12a8524c,BODY
2691bfe9-7a1b-4f5d-8eb3-8c24f2b5909a,アゲアゲ・10・プラーXXL,3,c3aa5536-21c7-45b0-93ab-77eba54ef5a1,f060eb2c-485c-46a5-82e2-689b995d660e,BODY
da0638c2-47bc-4900-b1a1-f9b1a0c1b083,アナアキT ポルポピック,3,bc215409-96c8-4297-ae41-99296cdf3480,d3beca43-e962-410b-8775-8446c39a046a,BODY
95f41804-491f-4a91-aff0-2deaf228e94f,アナアキオンブレネル,3,04e968ff-515f-4587-9183-215be5248bdc,d3beca43-e962-410b-8775-8446c39a046a,BODY
7cb7146b-3c9e-4043-bb53-2bcf5938a8a6,アナアキロンT イボルブ,3,506919ca-0b12-4f33-bff6-31a03f1b10b1,d3beca43-e962-410b-8775-8446c39a046a,BODY
90c4a686-9d7d-49cc-883d-2f04b7e6bbf9,アンカーベスト,3,c3aa5536-21c7-45b0-93ab-77eba54ef5a1,f060eb2c-485c-46a5-82e2-689b995d660e,BODY
95173b85-107d-4af6-8f86-0d4efc9834e4,イカジャマイカ,3,623796be-e2a9-4407-9122-916729dad7f8,cee8ff9c-d4b3-4874-b2eb-7bb616fe21bc,BODY
c9cbb977-9a6f-480e-bfc2-9ccd15365ef8,イカスカジャン,3,5a0d1724-7815-4e34-a5eb-d0f14c0a66b0,2211cb2a-88f1-43a8-a0e3-f49b3c7b83a4,BODY
32ec19f4-12f5-4348-9024-5eb48e31e60d,イカセーラー ブルー,3,5b147795-8073-45cd-bee2-b45ec8bd1f54,79fdc641-d9d7-4588-87a8-7844b86b5e0b,BODY
c886b8f6-d47b-407b-be32-eff9f684b7e3,イカテンくんポロ,3,c3aa5536-21c7-45b0-93ab-77eba54ef5a1,f060eb2c-485c-46a5-82e2-689b995d660e,BODY
de6d2d23-22ea-4f11-9ce9-b68f0ac4256b,イカライダーBLACK,3,5b147795-8073-45cd-bee2-b45ec8bd1f54,b02b0560-edbb-4c28-a383-c00081810438,BODY
dbc917bd-c1cc-4cad-bdda-477a3c29c6d2,イカライダーWHITE,3,812df8f7-aed7-4ee7-a754-b258ec55100f,b02b0560-edbb-4c28-a383-c00081810438,BODY
d42e229d-b7a3-4e9b-a644-6b5d68a79503,ヴィンテージチェック,3,3c88d3a5-18f1-48bd-9b11-998612cc2e6a,b02b0560-edbb-4c28-a383-c00081810438,BODY
533ac9cb-291a-418c-89e2-bf1ca6c3677e,ウラタコスカジャン,3,25e7e6fc-16ad-46a1-90de-2cfd9784b0af,2211cb2a-88f1-43a8-a0e3-f49b3c7b83a4,BODY
dc7fd615-2ce7-495b-a418-4aa9a8088e98,エンペーサートレーナー,3,ae69af21-23f1-4aed-8968-bd1c5bf9d76e,9b0e7442-49c8-47c0-b621-a10863b53e80,BODY
ec2c9514-63b8-48cd-aaf3-97af3b85f310,おうえんパーカー(タコver.),3,25e7e6fc-16ad-46a1-90de-2cfd9784b0af,24ac6fef-62c1-4e98-a922-7db12ec5ad51,BODY
4a009ec2-9c61-4de8-86d2-49d21979edc1,オクトガサネ,3,585bf94b-4285-4707-8ca7-ab910603ba96,eb8f9048-a957-4061-a446-2a161a626711,BODY
26bf7750-0d7c-4140-9d33-414bca5e4fa7,キングベンチNV,3,585bf94b-4285-4707-8ca7-ab910603ba96,9b0e7442-49c8-47c0-b621-a10863b53e80,BODY
66174bb1-2f18-482e-abb7-50a6ad92f9fa,キングベンチカイザー,3,bc215409-96c8-4297-ae41-99296cdf3480,9b0e7442-49c8-47c0-b621-a10863b53e80,BODY
bdbc30bd-7cd4-413e-821c-586a149834f5,クンフージャージ,3,f00aa760-c111-40fe-a4b1-73c30419f73b,816265b4-0957-46d3-9e81-4e278517cd6d,BODY
5dc72bc4-9b70-4673-97fe-cff099ae3637,クンフーパンジャージ,3,5b147795-8073-45cd-bee2-b45ec8bd1f54,816265b4-0957-46d3-9e81-4e278517cd6d,BODY
fe5bd8d1-2a42-4e1d-86ed-421888a1712f,ケンサキコーチ,3,506919ca-0b12-4f33-bff6-31a03f1b10b1,816265b4-0957-46d3-9e81-4e278517cd6d,BODY
aea076a4-06d5-40c1-8aae-659d7b88e454,ジップアップ カモ,3,5a0d1724-7815-4e34-a5eb-d0f14c0a66b0,9e752385-24cf-4de5-a0bf-c27d12a8524c,BODY
f91f48d6-e8bf-4842-98da-2a28aad9121e,ジムパーソンアーマー,3,c3aa5536-21c7-45b0-93ab-77eba54ef5a1,f060eb2c-485c-46a5-82e2-689b995d660e,BODY
58bc827c-e384-438a-8213-d1b042f8370c,ショートニットカサネ,3,585bf94b-4285-4707-8ca7-ab910603ba96,816265b4-0957-46d3-9e81-4e278517cd6d,BODY
41ff3c8b-a177-4ddf-8497-080accedad5f,シロシャツ,3,68b69722-3685-4a7b-a9a8-61261708c6fb,6de766f4-0b01-45a0-b07e-df39b9390c38,BODY
fcda4e55-e9d6-4f95-9c6e-446a91aa7887,スタジャンロゴマシ,3,5bf92a05-73be-46da-a7a1-39c9d59dbc59,2211cb2a-88f1-43a8-a0e3-f49b3c7b83a4,BODY
ebfaa458-4854-448e-bdd5-9833d50465b1,センニュースーツ,3,f00aa760-c111-40fe-a4b1-73c30419f73b,eb8f9048-a957-4061-a446-2a161a626711,BODY
53981e24-a410-43ad-aed2-2e7d8954327f,タイシャツ,3,623796be-e2a9-4407-9122-916729dad7f8,6de766f4-0b01-45a0-b07e-df39b9390c38,BODY
50e1ef6a-baef-4c84-ae15-f92bca7e8652,タコT,3,3c88d3a5-18f1-48bd-9b11-998612cc2e6a,eb8f9048-a957-4061-a446-2a161a626711,BODY
8757e96f-8fe7-4a68-8afc-7bba230a144c,タタキBBBシャツ,3,dfeefc7d-e2e4-491b-9b2b-989b7f3252d8,816265b4-0957-46d3-9e81-4e278517cd6d,BODY
a9eaa19f-4b48-40f1-95b8-d2f24033d4bb,チャリキングジャージ,3,04e968ff-515f-4587-9183-215be5248bdc,a7acd3b5-1d2f-44dd-b822-e7a265b3a604,BODY
4c6cf2c1-a02d-463a-b44e-c88fbdaf8fb3,デベロッパーズワークウエア,3,c3aa5536-21c7-45b0-93ab-77eba54ef5a1,f060eb2c-485c-46a5-82e2-689b995d660e,BODY
b2235929-6c79-408f-88fc-359cd21a86ac,トリスカベッチン,3,bc215409-96c8-4297-ae41-99296cdf3480,2211cb2a-88f1-43a8-a0e3-f49b3c7b83a4,BODY
2e10511d-2d71-437c-8dcc-1281a215d0ad,ドロップスウェット ネガ,3,3c88d3a5-18f1-48bd-9b11-998612cc2e6a,816265b4-0957-46d3-9e81-4e278517cd6d,BODY
96a119ec-09a5-480c-b979-13162b5de001,ドロップスウェット ポジ,3,ba62a713-f5a9-4896-b483-9d726b42e6df,816265b4-0957-46d3-9e81-4e278517cd6d,BODY
e3556e9e-c3fe-4921-8833-52bb21da8bd7,ハウスタグホエールニット,3,bc215409-96c8-4297-ae41-99296cdf3480,6de766f4-0b01-45a0-b07e-df39b9390c38,BODY
6dcd1bb3-c1db-4fa9-8bf6-b6a563824c75,パラシューター ザクロ,3,dfeefc7d-e2e4-491b-9b2b-989b7f3252d8,d3beca43-e962-410b-8775-8446c39a046a,BODY
c3b60b51-f98c-429b-ad00-46147f23304f,パラシューター プルーン,3,f00aa760-c111-40fe-a4b1-73c30419f73b,d3beca43-e962-410b-8775-8446c39a046a,BODY
539a145e-971c-4ef7-a8ed-df6342d552d6,ピーターパンクタイ ブラッド,3,cf987bc3-37fd-4e02-ad1e-63104289e957,d3beca43-e962-410b-8775-8446c39a046a,BODY
839f29a2-e89e-4b47-a8be-3f7851110f96,フェスT,3,1fa101ae-2e6d-4a3c-86c8-158b7f9f208f,24ac6fef-62c1-4e98-a922-7db12ec5ad51,BODY
4da42984-8e60-4739-b0d3-0c5a1ce1cd01,フォレストダウン,3,68b69722-3685-4a7b-a9a8-61261708c6fb,82dc4e66-b8a2-496f-adf0-c4067fa91213,BODY
1335c258-68b9-42c9-ae26-1afe0e79a1c9,フューエルブルゾン,3,c3aa5536-21c7-45b0-93ab-77eba54ef5a1,f060eb2c-485c-46a5-82e2-689b995d660e,BODY
f787e4a4-7de9-4b91-909f-4a5fafe55de3,プルオーバーコート,3,ae69af21-23f1-4aed-8968-bd1c5bf9d76e,816265b4-0957-46d3-9e81-4e278517cd6d,BODY
d15a2f22-0954-4cf1-8366-3c8283743a39,フロムキタグニ87,3,c3aa5536-21c7-45b0-93ab-77eba54ef5a1,f060eb2c-485c-46a5-82e2-689b995d660e,BODY
5c259217-e8f6-48c5-9525-d2a1ab461ad1,ボンバージャケット ネガ,3,812df8f7-aed7-4ee7-a754-b258ec55100f,816265b4-0957-46d3-9e81-4e278517cd6d,BODY
96ed9f5e-eac2-4c75-9fa2-83ce6ef2324e,ボンバージャケット ポジ,3,2597a598-6919-43c3-a0ab-0fbef24d1c08,816265b4-0957-46d3-9e81-4e278517cd6d,BODY
16844676-1fa0-4713-9181-2a5b96cb4d4d,マウンテンオリーブ,3,bc215409-96c8-4297-ae41-99296cdf3480,82dc4e66-b8a2-496f-adf0-c4067fa91213,BODY
4e83eebb-ed1c-454d-a6d4-8e97dabb3f11,マウンテンダウン,3,ba62a713-f5a9-4896-b483-9d726b42e6df,82dc4e66-b8a2-496f-adf0-c4067fa91213,BODY
ad56c7c7-ca15-46cd-8927-f6756d3f2821,マウンテンチリペッパー,3,cf987bc3-37fd-4e02-ad1e-63104289e957,82dc4e66-b8a2-496f-adf0-c4067fa91213,BODY
f2d862c7-a39e-4bc9-9bde-375db5c950ca,マウンテンノリタマゴ,3,623796be-e2a9-4407-9122-916729dad7f8,82dc4e66-b8a2-496f-adf0-c4067fa91213,BODY
1dbb48e0-0483-417f-8350-2aa7ffe9f31f,マウンテンフローズン,3,ba62a713-f5a9-4896-b483-9d726b42e6df,82dc4e66-b8a2-496f-adf0-c4067fa91213,BODY
7e7b784f-bbc6-42e9-a26d-5b1cb7070010,マクレGT,3,c3aa5536-21c7-45b0-93ab-77eba54ef5a1,f060eb2c-485c-46a5-82e2-689b995d660e,BODY
b3f07c57-8330-460d-9dc3-7728649aa7e0,マッチャ ライトダウン,3,f00aa760-c111-40fe-a4b1-73c30419f73b,82dc4e66-b8a2-496f-adf0-c4067fa91213,BODY
8cbad1e1-c3f1-49b8-a626-f1ad12d6efb6,ミズシュラッグT,3,5bf92a05-73be-46da-a7a1-39c9d59dbc59,89405731-4765-4d9c-afac-1e53493c6914,BODY
42961266-ea4b-4a06-9c2e-ef8ba81693ed,ミスターシュラッグT,3,cf987bc3-37fd-4e02-ad1e-63104289e957,89405731-4765-4d9c-afac-1e53493c6914,BODY
b5441a79-7c79-42b3-afb0-12eca901d2bb,ミスターベースボール,3,dfeefc7d-e2e4-491b-9b2b-989b7f3252d8,9e752385-24cf-4de5-a0bf-c27d12a8524c,BODY
9f9f355a-6a27-4594-9853-156648fd414f,モイストギリースーツ,3,5bf92a05-73be-46da-a7a1-39c9d59dbc59,79fdc641-d9d7-4588-87a8-7844b86b5e0b,BODY
81622bf1-80f6-49e6-b9d8-ca17db894f73,ヤコナイロン ヴィンテージ,3,ae69af21-23f1-4aed-8968-bd1c5bf9d76e,dcd76d6b-dc02-46f9-8444-e73cf9821268,BODY
560c1387-cebc-42c9-9d2c-d47b73bc18b4,ヤコナイロンレトロ,3,25e7e6fc-16ad-46a1-90de-2cfd9784b0af,dcd76d6b-dc02-46f9-8444-e73cf9821268,BODY
f65351b5-62d2-4772-b923-03a71016c3d7,ヤコピステ,3,812df8f7-aed7-4ee7-a754-b258ec55100f,dcd76d6b-dc02-46f9-8444-e73cf9821268,BODY
d6830f34-1fb0-4ac3-8cea-ee7e9f80f5dc,レイヤードットシャツ,3,2597a598-6919-43c3-a0ab-0fbef24d1c08,cee8ff9c-d4b3-4874-b2eb-7bb616fe21bc,BODY
b601f856-4d45-486e-b0b7-30eb4bc80794,レコヤルックEP,3,c3aa5536-21c7-45b0-93ab-77eba54ef5a1,f060eb2c-485c-46a5-82e2-689b995d660e,BODY
95e95fe7-63db-4e66-bf06-ac1597f01e36,レトロジャッジ,3,04e968ff-515f-4587-9183-215be5248bdc,24ac6fef-62c1-4e98-a922-7db12ec5ad51,BODY
95405a12-9d25-4215-80e5-37c1f17a34d0,ロッケンブレイクジャケット,3,5b147795-8073-45cd-bee2-b45ec8bd1f54,d3beca43-e962-410b-8775-8446c39a046a,BODY
26448eab-b4b0-49b0-af98-c3838a6e0c94,BBサンダル,1,f29c51e8-315d-4410-8dc6-1a140d9f769a,2211cb2a-88f1-43a8-a0e3-f49b3c7b83a4,SHOES
0e79b955-4843-4e70-a440-11d862d6c7b3,アスレチックアローズ,1,f29c51e8-315d-4410-8dc6-1a140d9f769a,dcd76d6b-dc02-46f9-8444-e73cf9821268,SHOES
d9be3912-e8f9-4d10-82de-eae72e709e5f,アロメッシュイエロー,1,25e7e6fc-16ad-46a1-90de-2cfd9784b0af,a7acd3b5-1d2f-44dd-b822-e7a265b3a604,SHOES
6cad31b5-1259-4c75-a14f-437fb462a11d,イカスミチップ,1,5a0d1724-7815-4e34-a5eb-d0f14c0a66b0,b02b0560-edbb-4c28-a383-c00081810438,SHOES
80dc74e7-8b8b-4221-943f-2c72237f2cac,イカヤキチップ,1,04e968ff-515f-4587-9183-215be5248bdc,b02b0560-edbb-4c28-a383-c00081810438,SHOES
52070c31-9a6b-4b6f-9a6e-95301a9de3f0,イロマキ750 イエロー,1,623796be-e2a9-4407-9122-916729dad7f8,a7acd3b5-1d2f-44dd-b822-e7a265b3a604,SHOES
e82812fe-8ad6-4740-adf0-3df777b54740,イロマキ750 オレンジ,1,be2f1474-ddbd-436d-b7af-a43a9fdbdd41,a7acd3b5-1d2f-44dd-b822-e7a265b3a604,SHOES
601de9af-3190-4a0a-912d-3df04e93c9c9,イロマキ750 グリーン,1,812df8f7-aed7-4ee7-a754-b258ec55100f,a7acd3b5-1d2f-44dd-b822-e7a265b3a604,SHOES
ab678fd4-ac3e-4f94-8809-6d49b917ca07,イロマキ750 パープル,1,ba62a713-f5a9-4896-b483-9d726b42e6df,a7acd3b5-1d2f-44dd-b822-e7a265b3a604,SHOES
39d245bf-1117-4adb-aebc-47155ed684a8,イロマキ750 ブルー,1,585bf94b-4285-4707-8ca7-ab910603ba96,a7acd3b5-1d2f-44dd-b822-e7a265b3a604,SHOES
ba914318-9fce-40de-8285-68b3c7ee7a90,イロマキ750 レッド,1,5bf92a05-73be-46da-a7a1-39c9d59dbc59,a7acd3b5-1d2f-44dd-b822-e7a265b3a604,SHOES
190c7099-9ddd-4b30-9aff-78fec5391530,ウミウシイエロー,1,cf987bc3-37fd-4e02-ad1e-63104289e957,a7acd3b5-1d2f-44dd-b822-e7a265b3a604,SHOES
15759be4-ddc4-47d2-ab74-20a7bec5c82a,ウミウシブルー,1,dfeefc7d-e2e4-491b-9b2b-989b7f3252d8,a7acd3b5-1d2f-44dd-b822-e7a265b3a604,SHOES
c6a548e0-4f81-4e43-bfbb-ae3d2a34d5c7,オイスタークロッグ,1,bc215409-96c8-4297-ae41-99296cdf3480,89405731-4765-4d9c-afac-1e53493c6914,SHOES
106b7cf1-9b61-44c9-a332-dd266a1b923a,オレンジアローズ,1,585bf94b-4285-4707-8ca7-ab910603ba96,dcd76d6b-dc02-46f9-8444-e73cf9821268,SHOES
92e03376-9f31-4418-8f46-d2d4524b172f,カナリアビーンズ,1,2597a598-6919-43c3-a0ab-0fbef24d1c08,a7acd3b5-1d2f-44dd-b822-e7a265b3a604,SHOES
307e9dd5-7c51-4718-8dd0-38fea7b5247c,キャンバス クマノミ,1,dfeefc7d-e2e4-491b-9b2b-989b7f3252d8,89405731-4765-4d9c-afac-1e53493c6914,SHOES
610b718c-dde9-4254-99da-8c66925aa43d,キャンバス バナナ,1,04e968ff-515f-4587-9183-215be5248bdc,89405731-4765-4d9c-afac-1e53493c6914,SHOES
4a3755b2-2327-4e5b-854b-40683ac2d873,キャンバス ホワイト,1,623796be-e2a9-4407-9122-916729dad7f8,89405731-4765-4d9c-afac-1e53493c6914,SHOES
07d58c77-afaf-4ff3-9dd6-571fa7b2cebd,キャンバスHi トリュフ,1,812df8f7-aed7-4ee7-a754-b258ec55100f,89405731-4765-4d9c-afac-1e53493c6914,SHOES
2e363c27-ac95-4ff1-9286-d727656df6e7,キャンバスHi マッシュルーム,1,035f8cc1-b4a8-4ccc-bd56-12d53b025ca9,89405731-4765-4d9c-afac-1e53493c6914,SHOES
ac84d7db-4f3d-4932-9335-59dbce1cfa38,キャンバスHi モロヘイヤ,1,68b69722-3685-4a7b-a9a8-61261708c6fb,89405731-4765-4d9c-afac-1e53493c6914,SHOES
96d14351-60a6-4d9a-b437-d05e8406fa79,グリッチョ オレンジ,1,ba62a713-f5a9-4896-b483-9d726b42e6df,2211cb2a-88f1-43a8-a0e3-f49b3c7b83a4,SHOES
8d07bd86-d6d9-4489-9a84-b06fe0967426,グリッチョ ブルー,1,04e968ff-515f-4587-9183-215be5248bdc,2211cb2a-88f1-43a8-a0e3-f49b3c7b83a4,SHOES
cf6470eb-ca2f-43b5-9abf-25527fd154f1,シーホース ホワイト,1,68b69722-3685-4a7b-a9a8-61261708c6fb,8e45fcf6-2bbd-47db-92af-a1bd7384dd5c,SHOES
eb2e585a-4c86-4b0f-8ee0-d7170a0bdde3,シーホースHi ゾンビ,1,dfeefc7d-e2e4-491b-9b2b-989b7f3252d8,8e45fcf6-2bbd-47db-92af-a1bd7384dd5c,SHOES
6c40ff3c-c4e7-43b0-b2d8-678a2872b02e,シーホースHi パープル,1,812df8f7-aed7-4ee7-a754-b258ec55100f,8e45fcf6-2bbd-47db-92af-a1bd7384dd5c,SHOES
e9db02dd-d332-4b1c-94e7-ae09f1c1ee11,シーホースHi レッド,1,585bf94b-4285-4707-8ca7-ab910603ba96,8e45fcf6-2bbd-47db-92af-a1bd7384dd5c,SHOES
52ec0a1d-34a4-468d-a9b8-0e53c7c7d529,シアンビーンズ,1,035f8cc1-b4a8-4ccc-bd56-12d53b025ca9,a7acd3b5-1d2f-44dd-b822-e7a265b3a604,SHOES
68c67c22-f855-4d7a-a402-e3ec92fa6378,シャークモカシン,1,5b147795-8073-45cd-bee2-b45ec8bd1f54,6de766f4-0b01-45a0-b07e-df39b9390c38,SHOES
fb72c67c-d08a-462e-9223-bf85ad2a0810,スミレビーンズ,1,f29c51e8-315d-4410-8dc6-1a140d9f769a,a7acd3b5-1d2f-44dd-b822-e7a265b3a604,SHOES
787e03a5-43d9-4c1e-9f62-068f30121956,スリッポン ブルー,1,5b147795-8073-45cd-bee2-b45ec8bd1f54,89405731-4765-4d9c-afac-1e53493c6914,SHOES
a0d233cc-21d3-49aa-b336-a5d65445e468,スリッポン レッド,1,2597a598-6919-43c3-a0ab-0fbef24d1c08,89405731-4765-4d9c-afac-1e53493c6914,SHOES
9e10eb9c-83a3-4a8e-90eb-920d4b9efd90,デカロニックミント,1,be2f1474-ddbd-436d-b7af-a43a9fdbdd41,8e45fcf6-2bbd-47db-92af-a1bd7384dd5c,SHOES
a43815e5-6ac9-4289-82e5-ca49de90fdeb,デカロノーレース ブルー,1,035f8cc1-b4a8-4ccc-bd56-12d53b025ca9,8e45fcf6-2bbd-47db-92af-a1bd7384dd5c,SHOES
5c7d924a-8db9-470a-aed5-16a92e06fa65,ノーリーチャッカ グレー,1,68b69722-3685-4a7b-a9a8-61261708c6fb,2211cb2a-88f1-43a8-a0e3-f49b3c7b83a4,SHOES
64ff6322-7ac9-43f5-b9d1-545272b77edf,ノーリーチャッカ ロビンズ,1,cf987bc3-37fd-4e02-ad1e-63104289e957,2211cb2a-88f1-43a8-a0e3-f49b3c7b83a4,SHOES
840c1ae3-c577-4dd3-85ee-89c6fcc8d19c,ヒモヒモグリーン,1,25e7e6fc-16ad-46a1-90de-2cfd9784b0af,6de766f4-0b01-45a0-b07e-df39b9390c38,SHOES
43dad000-dc63-409c-b247-8d7ec3319fc0,ピンクビーンズ,1,5b147795-8073-45cd-bee2-b45ec8bd1f54,a7acd3b5-1d2f-44dd-b822-e7a265b3a604,SHOES
0e451f00-1b07-4f26-b216-c8bc5a0335e6,フジツボペタサン,1,5bf92a05-73be-46da-a7a1-39c9d59dbc59,82dc4e66-b8a2-496f-adf0-c4067fa91213,SHOES
547b0014-69a9-426c-aba6-f9cfcf806029,ブラックビーンズ,1,5a0d1724-7815-4e34-a5eb-d0f14c0a66b0,a7acd3b5-1d2f-44dd-b822-e7a265b3a604,SHOES
b403f78f-5ed7-4e24-9d13-2249b0eb78b4,ブルーベリーコンフォート,1,5bf92a05-73be-46da-a7a1-39c9d59dbc59,89405731-4765-4d9c-afac-1e53493c6914,SHOES
04414c76-cb66-405a-83f4-7329a7022406,ベリベリレッド,1,cf987bc3-37fd-4e02-ad1e-63104289e957,6de766f4-0b01-45a0-b07e-df39b9390c38,SHOES
9cb08a11-c6c4-4dad-91c3-bde4d391dba7,ボルダーシューズ ハザクラ,1,dfeefc7d-e2e4-491b-9b2b-989b7f3252d8,82dc4e66-b8a2-496f-adf0-c4067fa91213,SHOES
434df553-1a9f-47a0-8038-899cce4c5a73,ラバーソール ホワイト,1,ba62a713-f5a9-4896-b483-9d726b42e6df,b02b0560-edbb-4c28-a383-c00081810438,SHOES
a6692e04-3ca0-4133-aad0-292568675448,レイニーアセロラ,1,bc215409-96c8-4297-ae41-99296cdf3480,82dc4e66-b8a2-496f-adf0-c4067fa91213,SHOES
c306093d-95d1-4fa0-ad07-17808ac04ccb,レイニーシャボン,1,be2f1474-ddbd-436d-b7af-a43a9fdbdd41,82dc4e66-b8a2-496f-adf0-c4067fa91213,SHOES
b7ef98fa-5590-4b4d-926f-f6ce361d0a7f,アーマーブーツ レプリカ,2,585bf94b-4285-4707-8ca7-ab910603ba96,eb8f9048-a957-4061-a446-2a161a626711,SHOES
0e8f07ed-e0e0-43b6-996d-79b3ed299afd,アケビコンフォート,2,f29c51e8-315d-4410-8dc6-1a140d9f769a,89405731-4765-4d9c-afac-1e53493c6914,SHOES
4c06749a-bba9-4ca2-99c7-c36821483ad6,アロメッシュバーミリオン,2,812df8f7-aed7-4ee7-a754-b258ec55100f,a7acd3b5-1d2f-44dd-b822-e7a265b3a604,SHOES
2a3dfbd1-ebd8-469c-aab4-b770fa9a9dbb,イイダチスリッポン,2,68b69722-3685-4a7b-a9a8-61261708c6fb,43a1e335-8966-4637-9533-f7a7fb372dc7,SHOES
089a8c26-fee9-4364-81c7-3f491d4c2418,ウミウシパープル,2,bc215409-96c8-4297-ae41-99296cdf3480,a7acd3b5-1d2f-44dd-b822-e7a265b3a604,SHOES
62b6d5ba-4a3a-4eba-8c9e-6a39821ba2ce,ウミウシボルト95,2,5bf92a05-73be-46da-a7a1-39c9d59dbc59,a7acd3b5-1d2f-44dd-b822-e7a265b3a604,SHOES
c9927122-d921-429f-80b1-00be34865cff,エギング5 ハニオレ,2,5bf92a05-73be-46da-a7a1-39c9d59dbc59,9b0e7442-49c8-47c0-b621-a10863b53e80,SHOES
3b4b91cd-82bb-401d-bb53-3242604adeeb,エンチャントブーツ,2,bc215409-96c8-4297-ae41-99296cdf3480,43a1e335-8966-4637-9533-f7a7fb372dc7,SHOES
59d892d4-b3cf-497f-baee-6b7457ac100e,エンペーサーAg,2,68b69722-3685-4a7b-a9a8-61261708c6fb,9b0e7442-49c8-47c0-b621-a10863b53e80,SHOES
bd9e3dd5-e99b-4735-93cb-5534980ef9dc,エンペーサーCaO,2,f29c51e8-315d-4410-8dc6-1a140d9f769a,9b0e7442-49c8-47c0-b621-a10863b53e80,SHOES
a0744c38-f633-40f6-9dba-1a4eb0ac9f7b,オルカHi,2,623796be-e2a9-4407-9122-916729dad7f8,dcd76d6b-dc02-46f9-8444-e73cf9821268,SHOES
41267824-e75b-44c9-afdb-f259f7c46de7,オルカHiウーブン,2,5bf92a05-73be-46da-a7a1-39c9d59dbc59,dcd76d6b-dc02-46f9-8444-e73cf9821268,SHOES
e2c5cd2d-4338-4a58-bfad-9fbd297a18a1,オルカHiサンセット,2,be2f1474-ddbd-436d-b7af-a43a9fdbdd41,dcd76d6b-dc02-46f9-8444-e73cf9821268,SHOES
c4104563-9e41-445b-8a3f-791ede5fba59,オルカHiパッション,2,2597a598-6919-43c3-a0ab-0fbef24d1c08,dcd76d6b-dc02-46f9-8444-e73cf9821268,SHOES
d62d38d7-b6f0-4333-afd2-c72e432c92e0,キャンバスHi トマト,2,cf987bc3-37fd-4e02-ad1e-63104289e957,89405731-4765-4d9c-afac-1e53493c6914,SHOES
3a3b9e61-f618-4ff0-8400-05de692519c7,キルトローファー,2,04e968ff-515f-4587-9183-215be5248bdc,43a1e335-8966-4637-9533-f7a7fb372dc7,SHOES
8c468ba2-5871-48e2-a8f1-a60ebe8d2a1c,グランパなクツ,2,bc215409-96c8-4297-ae41-99296cdf3480,eb8f9048-a957-4061-a446-2a161a626711,SHOES
80f1866e-3280-4721-a130-8531c2f15033,グレーチップ イエローソール,2,2597a598-6919-43c3-a0ab-0fbef24d1c08,b02b0560-edbb-4c28-a383-c00081810438,SHOES
0cc0d40f-ae5b-44f8-a39d-dbab5217c382,クレイジーアローズ,2,035f8cc1-b4a8-4ccc-bd56-12d53b025ca9,dcd76d6b-dc02-46f9-8444-e73cf9821268,SHOES
e901cf3c-ae39-4d01-ad1a-654a4005b85e,ゴマシオ270,2,2597a598-6919-43c3-a0ab-0fbef24d1c08,a7acd3b5-1d2f-44dd-b822-e7a265b3a604,SHOES
f7ef7e1e-e465-4214-a88b-4acf427c7bdb,サムライシューズ,2,812df8f7-aed7-4ee7-a754-b258ec55100f,43a1e335-8966-4637-9533-f7a7fb372dc7,SHOES
20feeb25-7d9d-4c0f-b45e-324aa329a307,シーホース イエロー,2,04e968ff-515f-4587-9183-215be5248bdc,8e45fcf6-2bbd-47db-92af-a1bd7384dd5c,SHOES
25aa1709-08b5-41de-bd07-f0388839f966,シーホース ブラックレザー,2,ba62a713-f5a9-4896-b483-9d726b42e6df,8e45fcf6-2bbd-47db-92af-a1bd7384dd5c,SHOES
52637a6a-a6cb-4e96-9337-8095571e5ece,シノビアシ,2,ba62a713-f5a9-4896-b483-9d726b42e6df,43a1e335-8966-4637-9533-f7a7fb372dc7,SHOES
5b2bceb2-3873-4494-b0d7-677abfa3adbd,ジョーズモカシン,2,68b69722-3685-4a7b-a9a8-61261708c6fb,6de766f4-0b01-45a0-b07e-df39b9390c38,SHOES
6d9ae271-a59e-47c1-8c6e-584d80d855b5,シンリョクレザーブーツ,2,be2f1474-ddbd-436d-b7af-a43a9fdbdd41,b02b0560-edbb-4c28-a383-c00081810438,SHOES
4f1aa715-63d8-4c8c-9fd0-73c154b16664,スクールローファー,2,5bf92a05-73be-46da-a7a1-39c9d59dbc59,43a1e335-8966-4637-9533-f7a7fb372dc7,SHOES
017cb20a-71d9-4c8a-907e-37a287779c1d,スリッポン チドリ,2,04e968ff-515f-4587-9183-215be5248bdc,89405731-4765-4d9c-afac-1e53493c6914,SHOES
ca45a804-820c-48be-8402-624f75e711a2,スリッポン ポルカ,2,be2f1474-ddbd-436d-b7af-a43a9fdbdd41,89405731-4765-4d9c-afac-1e53493c6914,SHOES
05cd8f58-6584-4055-ba3f-d2a218c0cf28,タコゾネスブーツネオ,2,f29c51e8-315d-4410-8dc6-1a140d9f769a,eb8f9048-a957-4061-a446-2a161a626711,SHOES
91e94416-e6b4-4784-862d-84ef56d08520,タコティカルなすねあて,2,f29c51e8-315d-4410-8dc6-1a140d9f769a,43a1e335-8966-4637-9533-f7a7fb372dc7,SHOES
3c653f75-c337-4969-89f7-3967c453e466,チョコクロッグ,2,5a0d1724-7815-4e34-a5eb-d0f14c0a66b0,89405731-4765-4d9c-afac-1e53493c6914,SHOES
e6b0377a-1832-4a99-a8cd-42ceb0f0b694,デカロニックチョコレート,2,cf987bc3-37fd-4e02-ad1e-63104289e957,8e45fcf6-2bbd-47db-92af-a1bd7384dd5c,SHOES
f0fefab2-8a45-47ce-b91c-cb6d2ab0f1b8,デカロニックブラック,2,25e7e6fc-16ad-46a1-90de-2cfd9784b0af,8e45fcf6-2bbd-47db-92af-a1bd7384dd5c,SHOES
1b64f4ba-70f7-435f-93ec-61b29b415fb3,デカロノーレース ホワイト,2,bc215409-96c8-4297-ae41-99296cdf3480,8e45fcf6-2bbd-47db-92af-a1bd7384dd5c,SHOES
bd61a895-2430-4b3a-9578-9082df9a0657,デルタストラップ ネオン,2,5b147795-8073-45cd-bee2-b45ec8bd1f54,82dc4e66-b8a2-496f-adf0-c4067fa91213,SHOES
2bc13e5e-ddca-4e5f-a0a9-696db9091fde,デルタストラップ ルミナス,2,25e7e6fc-16ad-46a1-90de-2cfd9784b0af,82dc4e66-b8a2-496f-adf0-c4067fa91213,SHOES
888c2927-c147-4db0-866e-c514826868ff,トレッキングカスタム,2,812df8f7-aed7-4ee7-a754-b258ec55100f,82dc4e66-b8a2-496f-adf0-c4067fa91213,SHOES
f260d9c7-6e45-464e-9297-831a7e216340,ヌバックブーツ イエロー,2,5b147795-8073-45cd-bee2-b45ec8bd1f54,b02b0560-edbb-4c28-a383-c00081810438,SHOES
9f5879c9-7a36-49c9-8c84-c68700fad92b,ネイビーチップ レッドソール,2,585bf94b-4285-4707-8ca7-ab910603ba96,b02b0560-edbb-4c28-a383-c00081810438,SHOES
e035ed3a-42dc-4d27-83e1-defbb1aae83e,ネルブーツ レプリカ,2,be2f1474-ddbd-436d-b7af-a43a9fdbdd41,eb8f9048-a957-4061-a446-2a161a626711,SHOES
b06b5de9-1845-46d2-b913-0a6df1afee87,ノーリーチャッカ トライブ,2,585bf94b-4285-4707-8ca7-ab910603ba96,2211cb2a-88f1-43a8-a0e3-f49b3c7b83a4,SHOES
94a95bbe-ecb7-42c7-b1ce-4dad9ea3f591,ノリマキ750 ホワイト,2,ba62a713-f5a9-4896-b483-9d726b42e6df,a7acd3b5-1d2f-44dd-b822-e7a265b3a604,SHOES
3b42fcbb-21cf-4a23-90a4-63fac6df8ab7,パワーストリップ アオアシ,2,5a0d1724-7815-4e34-a5eb-d0f14c0a66b0,dcd76d6b-dc02-46f9-8444-e73cf9821268,SHOES
6d7d7c6d-7827-41c8-91bd-0394b9adcc02,パワーストリップ アカアシ,2,bc215409-96c8-4297-ae41-99296cdf3480,dcd76d6b-dc02-46f9-8444-e73cf9821268,SHOES
9342e29f-7109-491c-93fb-79aaf3e7df0f,パワードレッグス,2,585bf94b-4285-4707-8ca7-ab910603ba96,43a1e335-8966-4637-9533-f7a7fb372dc7,SHOES
c78ce8b0-9903-435e-ad0f-6fe1ed9fcad5,パワードレッグス オリジン,2,04e968ff-515f-4587-9183-215be5248bdc,43a1e335-8966-4637-9533-f7a7fb372dc7,SHOES
fea13a70-8670-40b8-9d7a-36135d209f0d,ヒーローキックス レプリカ,2,2597a598-6919-43c3-a0ab-0fbef24d1c08,eb8f9048-a957-4061-a446-2a161a626711,SHOES
62389641-0071-48a7-b3b5-dc10fa705cf3,ヒーローバインダー レプリカ,2,5bf92a05-73be-46da-a7a1-39c9d59dbc59,eb8f9048-a957-4061-a446-2a161a626711,SHOES
8462ddf0-a910-430b-9c90-1425f156ea81,ヒメイトスニーカー,2,dfeefc7d-e2e4-491b-9b2b-989b7f3252d8,43a1e335-8966-4637-9533-f7a7fb372dc7,SHOES
bf8d0823-4cbe-43a1-8a12-97b6e3d10d46,ひれおくんのあし,2,5a0d1724-7815-4e34-a5eb-d0f14c0a66b0,43a1e335-8966-4637-9533-f7a7fb372dc7,SHOES
2b338b1f-2d2c-4d58-aa2b-58fbf0a95568,ボルダーシューズ タイノエ,2,623796be-e2a9-4407-9122-916729dad7f8,82dc4e66-b8a2-496f-adf0-c4067fa91213,SHOES
d98ec6a2-7016-4f7a-afe8-564edc5e8810,ホワイトアローズ,2,812df8f7-aed7-4ee7-a754-b258ec55100f,dcd76d6b-dc02-46f9-8444-e73cf9821268,SHOES
3764ca03-357f-4621-90b1-a642f8b82b81,モトクロスブーツ,2,5a0d1724-7815-4e34-a5eb-d0f14c0a66b0,b02b0560-edbb-4c28-a383-c00081810438,SHOES
2ce99cc9-3ced-443e-b4a6-d1952fae6818,ヤキフグシャワサン アカ,2,f29c51e8-315d-4410-8dc6-1a140d9f769a,9e752385-24cf-4de5-a0bf-c27d12a8524c,SHOES
97075a38-89e8-4c3b-a623-a9317fd046e4,ヤキフグシャワサン キ,2,25e7e6fc-16ad-46a1-90de-2cfd9784b0af,9e752385-24cf-4de5-a0bf-c27d12a8524c,SHOES
84020328-00bb-42c5-955c-573f5760db89,ラバーソール ターコイズ,2,dfeefc7d-e2e4-491b-9b2b-989b7f3252d8,b02b0560-edbb-4c28-a383-c00081810438,SHOES
a5599ce5-45ae-45ea-881d-499c19309959,ラバーソール チェリー,2,035f8cc1-b4a8-4ccc-bd56-12d53b025ca9,b02b0560-edbb-4c28-a383-c00081810438,SHOES
7cebb374-77c7-41b7-a670-e30942695447,レイニーモスグリーン,2,035f8cc1-b4a8-4ccc-bd56-12d53b025ca9,82dc4e66-b8a2-496f-adf0-c4067fa91213,SHOES
52dbdd42-3d40-4fd3-8225-a85b03690980,ロッキンイエロー,2,623796be-e2a9-4407-9122-916729dad7f8,b02b0560-edbb-4c28-a383-c00081810438,SHOES
7c2661f7-008d-4fab-af26-6a585c739465,ロッキンホワイト,2,dfeefc7d-e2e4-491b-9b2b-989b7f3252d8,b02b0560-edbb-4c28-a383-c00081810438,SHOES
0d9b240c-9bb9-4b80-b37a-c5d082ab4933,アイスダウンブーツ,3,035f8cc1-b4a8-4ccc-bd56-12d53b025ca9,a7acd3b5-1d2f-44dd-b822-e7a265b3a604,SHOES
f68e6378-2541-45d4-910b-11401b2df149,アカツキアローズ,3,68b69722-3685-4a7b-a9a8-61261708c6fb,dcd76d6b-dc02-46f9-8444-e73cf9821268,SHOES
49d6b7ee-d7dc-4f5d-b060-c25d10921cd9,アナアキスパイダー6ホール,3,ba62a713-f5a9-4896-b483-9d726b42e6df,d3beca43-e962-410b-8775-8446c39a046a,SHOES
f98fc035-26d4-4128-ba10-a0e05214cc92,アナアキラバー ハバネロ,3,5b147795-8073-45cd-bee2-b45ec8bd1f54,d3beca43-e962-410b-8775-8446c39a046a,SHOES
5b8a2a7a-99ef-49fb-b64b-053e98be8aa7,アナアキラバー フェイク,3,812df8f7-aed7-4ee7-a754-b258ec55100f,d3beca43-e962-410b-8775-8446c39a046a,SHOES
db1b49b3-c19d-4431-833f-d96319c24d18,アローズ タタキベッチュー,3,be2f1474-ddbd-436d-b7af-a43a9fdbdd41,816265b4-0957-46d3-9e81-4e278517cd6d,SHOES
d01f4b24-7e14-44ca-8e2f-5d501d1858db,イカボウズキャメル,3,812df8f7-aed7-4ee7-a754-b258ec55100f,b02b0560-edbb-4c28-a383-c00081810438,SHOES
b46fd2ed-6c23-4ced-8e6e-c4c80997aeb6,イカボウズジェットブラック,3,68b69722-3685-4a7b-a9a8-61261708c6fb,b02b0560-edbb-4c28-a383-c00081810438,SHOES
5599dd5b-2bb5-4f78-8379-f8e3ea330930,ウミウシタウンHi アンバー,3,be2f1474-ddbd-436d-b7af-a43a9fdbdd41,a7acd3b5-1d2f-44dd-b822-e7a265b3a604,SHOES
d30c7b32-8da7-4408-856d-412e1cab6d86,ウミウシタウンHi グレー,3,04e968ff-515f-4587-9183-215be5248bdc,a7acd3b5-1d2f-44dd-b822-e7a265b3a604,SHOES
a42ca90a-7db4-4714-8cc3-490fcb6855b2,ウミウシレッド,3,623796be-e2a9-4407-9122-916729dad7f8,a7acd3b5-1d2f-44dd-b822-e7a265b3a604,SHOES
08e84640-6062-45f9-8ba5-da0931b67a7c,エギング4 アオクロ,3,2597a598-6919-43c3-a0ab-0fbef24d1c08,9b0e7442-49c8-47c0-b621-a10863b53e80,SHOES
14d2bba9-5791-4d47-b3b1-d164e4443378,エギング4 アカクロ,3,dfeefc7d-e2e4-491b-9b2b-989b7f3252d8,9b0e7442-49c8-47c0-b621-a10863b53e80,SHOES
0d1736bc-6363-473a-b452-1afa0622f285,エギング4 イイマリ,3,04e968ff-515f-4587-9183-215be5248bdc,9b0e7442-49c8-47c0-b621-a10863b53e80,SHOES
c5e8ac45-c859-4586-bb33-4160cd2e2f18,エギング4 キイコン,3,25e7e6fc-16ad-46a1-90de-2cfd9784b0af,9b0e7442-49c8-47c0-b621-a10863b53e80,SHOES
328c9387-876c-47d6-8703-c426aecb8609,エギング4 ヒメキン,3,be2f1474-ddbd-436d-b7af-a43a9fdbdd41,9b0e7442-49c8-47c0-b621-a10863b53e80,SHOES
29cff5c8-4ac5-4654-90a4-c4bf2a9f9815,エギング5 クロアオ,3,623796be-e2a9-4407-9122-916729dad7f8,9b0e7442-49c8-47c0-b621-a10863b53e80,SHOES
f6997697-2ea2-4b7a-ac11-b027f4640cb3,エギング5 シロアカ,3,bc215409-96c8-4297-ae41-99296cdf3480,9b0e7442-49c8-47c0-b621-a10863b53e80,SHOES
ecfff550-7d4d-4165-b4e3-c956ac64b295,エギング5 プレミアム,3,035f8cc1-b4a8-4ccc-bd56-12d53b025ca9,9b0e7442-49c8-47c0-b621-a10863b53e80,SHOES
d3d73e14-5f5f-431e-b510-a81470f4874d,エンペーサーAu,3,5a0d1724-7815-4e34-a5eb-d0f14c0a66b0,9b0e7442-49c8-47c0-b621-a10863b53e80,SHOES
e1bcd672-82bc-4a69-b7da-7867d6beb455,エンペリアルNV,3,585bf94b-4285-4707-8ca7-ab910603ba96,9b0e7442-49c8-47c0-b621-a10863b53e80,SHOES
f7228dcd-d9aa-4922-9703-20612ea5fc09,エンペリアルカイザー,3,ba62a713-f5a9-4896-b483-9d726b42e6df,9b0e7442-49c8-47c0-b621-a10863b53e80,SHOES
ec7a61cf-5370-4391-9900-78ef61a0abe1,グリッチョ グリーン 限定版,3,5bf92a05-73be-46da-a7a1-39c9d59dbc59,2211cb2a-88f1-43a8-a0e3-f49b3c7b83a4,SHOES
49c688e1-b8b3-499f-acb8-5764b80503a8,ゲソバタアシスト,3,c3aa5536-21c7-45b0-93ab-77eba54ef5a1,f060eb2c-485c-46a5-82e2-689b995d660e,SHOES
3453a84e-7f6c-454b-bf26-0a277faa2a60,シーホースHi ゴールド,3,bc215409-96c8-4297-ae41-99296cdf3480,8e45fcf6-2bbd-47db-92af-a1bd7384dd5c,SHOES
4e685856-37b3-4983-abe0-974b23a4d110,シンカイレザーブーツ,3,5bf92a05-73be-46da-a7a1-39c9d59dbc59,b02b0560-edbb-4c28-a383-c00081810438,SHOES
fc520050-4843-41b3-9376-e2af0962b561,ストリップ タタキベッチュー,3,5b147795-8073-45cd-bee2-b45ec8bd1f54,816265b4-0957-46d3-9e81-4e278517cd6d,SHOES
b39b3985-7973-468f-a02c-c9bf75a25b21,スパイカ タタキベッチュー,3,585bf94b-4285-4707-8ca7-ab910603ba96,816265b4-0957-46d3-9e81-4e278517cd6d,SHOES
83820cc5-1f1c-4fbd-9f4b-212a6d09814c,スモークチップ,3,f29c51e8-315d-4410-8dc6-1a140d9f769a,b02b0560-edbb-4c28-a383-c00081810438,SHOES
cba3474c-64a2-448d-8390-845c08995356,センニューチップ スミソール,3,035f8cc1-b4a8-4ccc-bd56-12d53b025ca9,b02b0560-edbb-4c28-a383-c00081810438,SHOES
f0d66dc1-0d8e-4c73-9c44-d970fa575760,チャバハンティングブーツ,3,5a0d1724-7815-4e34-a5eb-d0f14c0a66b0,6de766f4-0b01-45a0-b07e-df39b9390c38,SHOES
7484c0b7-eba5-4534-b403-39cc4c4c5d72,デルタストラップ スノー,3,ba62a713-f5a9-4896-b483-9d726b42e6df,82dc4e66-b8a2-496f-adf0-c4067fa91213,SHOES
d3569a7d-346a-422b-bead-fabc7e2667e5,トレッキングプロ,3,cf987bc3-37fd-4e02-ad1e-63104289e957,82dc4e66-b8a2-496f-adf0-c4067fa91213,SHOES
5cee46de-de07-4b26-9d69-4c1e278e4fc8,トレッキングライト,3,68b69722-3685-4a7b-a9a8-61261708c6fb,82dc4e66-b8a2-496f-adf0-c4067fa91213,SHOES
8d7d6701-b880-4e56-ad8f-871ca5cd92a0,ヌバックブーツ レッド,3,2597a598-6919-43c3-a0ab-0fbef24d1c08,b02b0560-edbb-4c28-a383-c00081810438,SHOES
7b1a23ed-e5b2-495d-8748-1ce0472eb420,ノーリーチャッカ イイダチ,3,812df8f7-aed7-4ee7-a754-b258ec55100f,2211cb2a-88f1-43a8-a0e3-f49b3c7b83a4,SHOES
4cdf324c-aa60-4ebc-9b2e-ce913f9f795f,ノーリーチャッカ ヒメイト,3,2597a598-6919-43c3-a0ab-0fbef24d1c08,2211cb2a-88f1-43a8-a0e3-f49b3c7b83a4,SHOES
ff584070-6afb-4df4-97ca-4db7c07952dd,ノリマキ750 ブラック,3,dfeefc7d-e2e4-491b-9b2b-989b7f3252d8,a7acd3b5-1d2f-44dd-b822-e7a265b3a604,SHOES
13010dbd-bbe5-48b4-a1e8-f2dd5157aef2,ノンスリップタクミ,3,c3aa5536-21c7-45b0-93ab-77eba54ef5a1,f060eb2c-485c-46a5-82e2-689b995d660e,SHOES
60110ba9-e32a-4d52-99e3-b7e4bd7bac6f,パワーストリップ トルーパー,3,5b147795-8073-45cd-bee2-b45ec8bd1f54,dcd76d6b-dc02-46f9-8444-e73cf9821268,SHOES
217c84e0-a0b2-4180-a8ae-49c9ff73a474,バンカラコロン,3,c3aa5536-21c7-45b0-93ab-77eba54ef5a1,f060eb2c-485c-46a5-82e2-689b995d660e,SHOES
06e1bfce-f23a-408e-825a-6997708b7c87,ハンティングブーツ,3,04e968ff-515f-4587-9183-215be5248bdc,6de766f4-0b01-45a0-b07e-df39b9390c38,SHOES
cc629516-af3c-47be-ac2d-1550dca750d9,ピラニアモカシン,3,035f8cc1-b4a8-4ccc-bd56-12d53b025ca9,6de766f4-0b01-45a0-b07e-df39b9390c38,SHOES
98b9914f-c970-45b1-9f29-9fa5f0f17831,ベリベリホワイト,3,5bf92a05-73be-46da-a7a1-39c9d59dbc59,6de766f4-0b01-45a0-b07e-df39b9390c38,SHOES
5f1e523f-35cc-4231-aec3-cc7ecbc4c6e0,マッドラバー,3,c3aa5536-21c7-45b0-93ab-77eba54ef5a1,f060eb2c-485c-46a5-82e2-689b995d660e,SHOES
c70a754a-ee0b-40c2-8795-18ba4e397c6d,ミッドナイトスリッポン,3,f29c51e8-315d-4410-8dc6-1a140d9f769a,89405731-4765-4d9c-afac-1e53493c6914,SHOES
a1e610df-4370-4089-9963-c81ebb68c251,ミルキーダウンブーツ,3,2597a598-6919-43c3-a0ab-0fbef24d1c08,a7acd3b5-1d2f-44dd-b822-e7a265b3a604,SHOES
b753e058-b29d-4d5c-b92b-1426083760e8,モイストコンブーツ,3,f29c51e8-315d-4410-8dc6-1a140d9f769a,79fdc641-d9d7-4588-87a8-7844b86b5e0b,SHOES
2ec99af6-3585-4af0-808e-ef6a4f82e95b,モトクロス ソリッドブルー,3,cf987bc3-37fd-4e02-ad1e-63104289e957,b02b0560-edbb-4c28-a383-c00081810438,SHOES
3653f8c3-964b-4292-9fe1-00c0a8775fe8,ユデスパイカ,3,04e968ff-515f-4587-9183-215be5248bdc,dcd76d6b-dc02-46f9-8444-e73cf9821268,SHOES
a227b69e-0283-4993-95d1-7d3990e903b3,レアスパイカ,3,cf987bc3-37fd-4e02-ad1e-63104289e957,dcd76d6b-dc02-46f9-8444-e73cf9821268,SHOES
00001592-e539-4adb-8ef0-fa8c69612e35,ロッキンクラウン,3,585bf94b-4285-4707-8ca7-ab910603ba96,b02b0560-edbb-4c28-a383-c00081810438,SHOES
0f05a14b-31d1-440d-85ba-e3796763840d,ロッキンチェリー,3,04e968ff-515f-4587-9183-215be5248bdc,b02b0560-edbb-4c28-a383-c00081810438,SHOES
f6b86d34-9665-44a1-95dc-a3b8335a1d1a,ロッキンブラック,3,25e7e6fc-16ad-46a1-90de-2cfd9784b0af,b02b0560-edbb-4c28-a383-c00081810438,SHOES